run#,DCOP,Perfect Communication,Timestamp Use,Message Lost Prob,UB,Algorithm,Stochastic,Iteration,Global View Cost,Monotonicy,Agent View Cost,Global Anytime Cost,Value Assignmnet Counter,Algorithm Msgs Counter,Global View Cost Agent Zero,Agent View Cost Agent Zero,Abs Delta Global and POV,Percent Agents With Colors,Number of Colors
0,Random Uniform 0.2,Perfect Communication,w Timestamp,0.05,0.0,DSA_ASY,0.7,9973,7087.0,1.0,7087.0,7087.0,22.0,13824.0,374.0,374.0,0.0,1.0,1.0
1,Random Uniform 0.2,Perfect Communication,w Timestamp,0.05,0.0,DSA_ASY,0.7,9874,6959.0,1.0,6959.0,6959.0,56.0,26896.0,178.0,178.0,0.0,1.0,1.0
2,Random Uniform 0.2,Perfect Communication,w Timestamp,0.05,0.0,DSA_ASY,0.7,9986,6377.0,1.0,6377.0,6377.0,63.0,28771.0,160.0,160.0,0.0,1.0,1.0
3,Random Uniform 0.2,Perfect Communication,w Timestamp,0.05,0.0,DSA_ASY,0.7,9847,6465.0,1.0,6465.0,6465.0,59.0,25336.0,352.0,352.0,0.0,1.0,1.0
4,Random Uniform 0.2,Perfect Communication,w Timestamp,0.05,0.0,DSA_ASY,0.7,9990,5543.0,1.0,5543.0,5543.0,72.0,29895.0,258.0,258.0,0.0,1.0,1.0
5,Random Uniform 0.2,Perfect Communication,w Timestamp,0.05,0.0,DSA_ASY,0.7,9891,7278.0,1.0,7278.0,7278.0,66.0,32307.0,294.0,294.0,0.0,1.0,1.0
6,Random Uniform 0.2,Perfect Communication,w Timestamp,0.05,0.0,DSA_ASY,0.7,9891,6704.0,1.0,6704.0,6704.0,56.0,25027.0,79.0,79.0,0.0,1.0,1.0
7,Random Uniform 0.2,Perfect Communication,w Timestamp,0.05,0.0,DSA_ASY,0.7,9930,6593.0,1.0,6593.0,6593.0,63.0,29671.0,175.0,175.0,0.0,1.0,1.0
8,Random Uniform 0.2,Perfect Communication,w Timestamp,0.05,0.0,DSA_ASY,0.7,9901,8092.0,1.0,8092.0,8092.0,56.0,28500.0,315.0,315.0,0.0,1.0,1.0
9,Random Uniform 0.2,Perfect Communication,w Timestamp,0.05,0.0,DSA_ASY,0.7,9843,6585.0,1.0,6585.0,6585.0,62.0,28949.0,204.0,204.0,0.0,1.0,1.0
10,Random Uniform 0.2,Perfect Communication,w Timestamp,0.05,0.0,DSA_ASY,0.7,9855,6608.0,1.0,6608.0,6608.0,66.0,30890.0,188.0,188.0,0.0,1.0,1.0
11,Random Uniform 0.2,Perfect Communication,w Timestamp,0.05,0.0,DSA_ASY,0.7,9934,6795.0,1.0,6795.0,6795.0,59.0,26484.0,211.0,211.0,0.0,1.0,1.0
12,Random Uniform 0.2,Perfect Communication,w Timestamp,0.05,0.0,DSA_ASY,0.7,9921,6557.0,1.0,6557.0,6557.0,63.0,28138.0,245.0,245.0,0.0,1.0,1.0
13,Random Uniform 0.2,Perfect Communication,w Timestamp,0.05,0.0,DSA_ASY,0.7,9861,6664.0,1.0,6664.0,6664.0,59.0,26912.0,382.0,382.0,0.0,1.0,1.0
14,Random Uniform 0.2,Perfect Communication,w Timestamp,0.05,0.0,DSA_ASY,0.7,9906,7206.0,1.0,7206.0,7206.0,66.0,31512.0,151.0,151.0,0.0,1.0,1.0
15,Random Uniform 0.2,Perfect Communication,w Timestamp,0.05,0.0,DSA_ASY,0.7,9871,6872.0,1.0,6872.0,6872.0,62.0,28553.0,220.0,220.0,0.0,1.0,1.0
16,Random Uniform 0.2,Perfect Communication,w Timestamp,0.05,0.0,DSA_ASY,0.7,9950,6305.0,1.0,6305.0,6305.0,66.0,27804.0,106.0,106.0,0.0,1.0,1.0
17,Random Uniform 0.2,Perfect Communication,w Timestamp,0.05,0.0,DSA_ASY,0.7,9862,6471.0,1.0,6471.0,6471.0,64.0,29908.0,138.0,138.0,0.0,1.0,1.0
18,Random Uniform 0.2,Perfect Communication,w Timestamp,0.05,0.0,DSA_ASY,0.7,9906,7757.0,1.0,7757.0,7757.0,62.0,30452.0,278.0,278.0,0.0,1.0,1.0
19,Random Uniform 0.2,Perfect Communication,w Timestamp,0.05,0.0,DSA_ASY,0.7,9946,6894.0,1.0,6894.0,6894.0,66.0,30175.0,405.0,405.0,0.0,1.0,1.0
20,Random Uniform 0.2,Perfect Communication,w Timestamp,0.05,0.0,DSA_ASY,0.7,9931,6028.0,1.0,6028.0,6028.0,72.0,31399.0,384.0,384.0,0.0,1.0,1.0
21,Random Uniform 0.2,Perfect Communication,w Timestamp,0.05,0.0,DSA_ASY,0.7,9923,6136.0,1.0,6136.0,6136.0,71.0,30949.0,314.0,314.0,0.0,1.0,1.0
22,Random Uniform 0.2,Perfect Communication,w Timestamp,0.05,0.0,DSA_ASY,0.7,9849,7362.0,1.0,7362.0,7362.0,62.0,30326.0,342.0,342.0,0.0,1.0,1.0
23,Random Uniform 0.2,Perfect Communication,w Timestamp,0.05,0.0,DSA_ASY,0.7,9954,6882.0,1.0,6882.0,6882.0,59.0,27999.0,314.0,314.0,0.0,1.0,1.0
24,Random Uniform 0.2,Perfect Communication,w Timestamp,0.05,0.0,DSA_ASY,0.7,9831,6632.0,1.0,6632.0,6632.0,55.0,25528.0,285.0,285.0,0.0,1.0,1.0
25,Random Uniform 0.2,Perfect Communication,w Timestamp,0.05,0.0,DSA_ASY,0.7,9911,6747.0,1.0,6747.0,6747.0,59.0,28664.0,374.0,374.0,0.0,1.0,1.0
26,Random Uniform 0.2,Perfect Communication,w Timestamp,0.05,0.0,DSA_ASY,0.7,9979,6770.0,1.0,6770.0,6770.0,66.0,30220.0,99.0,99.0,0.0,1.0,1.0
27,Random Uniform 0.2,Perfect Communication,w Timestamp,0.05,0.0,DSA_ASY,0.7,9901,7196.0,1.0,7196.0,7196.0,63.0,30437.0,347.0,347.0,0.0,1.0,1.0
28,Random Uniform 0.2,Perfect Communication,w Timestamp,0.05,0.0,DSA_ASY,0.7,9859,6584.0,1.0,6584.0,6584.0,62.0,28693.0,209.0,209.0,0.0,1.0,1.0
29,Random Uniform 0.2,Perfect Communication,w Timestamp,0.05,0.0,DSA_ASY,0.7,9851,7181.0,1.0,7181.0,7181.0,59.0,28156.0,161.0,161.0,0.0,1.0,1.0
30,Random Uniform 0.2,Perfect Communication,w Timestamp,0.05,0.0,DSA_ASY,0.7,9892,6894.0,1.0,6894.0,6894.0,53.0,24130.0,278.0,278.0,0.0,1.0,1.0
31,Random Uniform 0.2,Perfect Communication,w Timestamp,0.05,0.0,DSA_ASY,0.7,9994,7315.0,1.0,7315.0,7315.0,60.0,29696.0,621.0,621.0,0.0,1.0,1.0
32,Random Uniform 0.2,Perfect Communication,w Timestamp,0.05,0.0,DSA_ASY,0.7,9840,7203.0,1.0,7203.0,7203.0,55.0,25130.0,471.0,471.0,0.0,1.0,1.0
33,Random Uniform 0.2,Perfect Communication,w Timestamp,0.05,0.0,DSA_ASY,0.7,9921,6756.0,1.0,6756.0,6756.0,63.0,28473.0,345.0,345.0,0.0,1.0,1.0
34,Random Uniform 0.2,Perfect Communication,w Timestamp,0.05,0.0,DSA_ASY,0.7,9851,7078.0,1.0,7078.0,7078.0,59.0,27623.0,320.0,320.0,0.0,1.0,1.0
35,Random Uniform 0.2,Perfect Communication,w Timestamp,0.05,0.0,DSA_ASY,0.7,9975,5957.0,1.0,5957.0,5957.0,71.0,29168.0,361.0,361.0,0.0,1.0,1.0
36,Random Uniform 0.2,Perfect Communication,w Timestamp,0.05,0.0,DSA_ASY,0.7,9929,7811.0,1.0,7811.0,7811.0,63.0,31958.0,172.0,172.0,0.0,1.0,1.0
37,Random Uniform 0.2,Perfect Communication,w Timestamp,0.05,0.0,DSA_ASY,0.7,9872,7044.0,1.0,7036.0,7044.0,62.0,28865.0,281.0,357.0,8.0,1.0,1.0
38,Random Uniform 0.2,Perfect Communication,w Timestamp,0.05,0.0,DSA_ASY,0.7,9907,6632.0,1.0,6632.0,6632.0,67.0,30496.0,508.0,508.0,0.0,1.0,1.0
39,Random Uniform 0.2,Perfect Communication,w Timestamp,0.05,0.0,DSA_ASY,0.7,9926,7229.0,1.0,7229.0,7229.0,63.0,30278.0,399.0,399.0,0.0,1.0,1.0
40,Random Uniform 0.2,Perfect Communication,w Timestamp,0.05,0.0,DSA_ASY,0.7,9901,6573.0,1.0,6573.0,6573.0,56.0,24723.0,162.0,162.0,0.0,1.0,1.0
41,Random Uniform 0.2,Perfect Communication,w Timestamp,0.05,0.0,DSA_ASY,0.7,9811,6978.0,1.0,6978.0,6954.0,57.0,26857.0,256.0,256.0,0.0,1.0,1.0
42,Random Uniform 0.2,Perfect Communication,w Timestamp,0.05,0.0,DSA_ASY,0.7,9871,6939.0,1.0,6939.0,6939.0,53.0,23078.0,335.0,335.0,0.0,1.0,1.0
43,Random Uniform 0.2,Perfect Communication,w Timestamp,0.05,0.0,DSA_ASY,0.7,9917,6035.0,1.0,6035.0,6035.0,56.0,24069.0,160.0,160.0,0.0,1.0,1.0
44,Random Uniform 0.2,Perfect Communication,w Timestamp,0.05,0.0,DSA_ASY,0.7,9861,6038.0,1.0,6038.0,6038.0,59.0,25057.0,346.0,346.0,0.0,1.0,1.0
45,Random Uniform 0.2,Perfect Communication,w Timestamp,0.05,0.0,DSA_ASY,0.7,9881,5936.0,1.0,5936.0,5936.0,59.0,25445.0,128.0,128.0,0.0,1.0,1.0
46,Random Uniform 0.2,Perfect Communication,w Timestamp,0.05,0.0,DSA_ASY,0.7,9958,6872.0,1.0,6872.0,6872.0,66.0,30796.0,272.0,272.0,0.0,1.0,1.0
47,Random Uniform 0.2,Perfect Communication,w Timestamp,0.05,0.0,DSA_ASY,0.7,9878,6314.0,1.0,6314.0,6314.0,62.0,27128.0,390.0,390.0,0.0,1.0,1.0
48,Random Uniform 0.2,Perfect Communication,w Timestamp,0.05,0.0,DSA_ASY,0.7,9891,7277.0,1.0,7277.0,7277.0,67.0,32278.0,446.0,446.0,0.0,1.0,1.0
49,Random Uniform 0.2,Perfect Communication,w Timestamp,0.05,0.0,DSA_ASY,0.7,9880,7539.0,1.0,7539.0,7539.0,59.0,29933.0,224.0,224.0,0.0,1.0,1.0
50,Random Uniform 0.2,Perfect Communication,w Timestamp,0.05,0.0,DSA_ASY,0.7,9980,7434.0,1.0,7434.0,7434.0,58.0,29825.0,373.0,373.0,0.0,1.0,1.0
0,Random Uniform 0.2,Perfect Communication,w Timestamp,0.5,0.0,DSA_ASY,0.7,9922,6532.0,1.0,6532.0,6532.0,36.0,9863.0,247.0,247.0,0.0,1.0,1.0
1,Random Uniform 0.2,Perfect Communication,w Timestamp,0.5,0.0,DSA_ASY,0.7,9871,6803.0,1.0,6803.0,6803.0,60.0,14686.0,173.0,173.0,0.0,1.0,1.0
2,Random Uniform 0.2,Perfect Communication,w Timestamp,0.5,0.0,DSA_ASY,0.7,9895,6619.0,1.0,6619.0,6619.0,61.0,14654.0,182.0,182.0,0.0,1.0,1.0
3,Random Uniform 0.2,Perfect Communication,w Timestamp,0.5,0.0,DSA_ASY,0.7,9735,5867.0,1.0,5867.0,5867.0,62.0,13994.0,256.0,256.0,0.0,1.0,1.0
4,Random Uniform 0.2,Perfect Communication,w Timestamp,0.5,0.0,DSA_ASY,0.7,9981,5933.0,1.0,5933.0,5933.0,71.0,15939.0,266.0,266.0,0.0,1.0,1.0
5,Random Uniform 0.2,Perfect Communication,w Timestamp,0.5,0.0,DSA_ASY,0.7,9932,7323.0,1.0,7323.0,7323.0,67.0,17334.0,283.0,283.0,0.0,1.0,1.0
6,Random Uniform 0.2,Perfect Communication,w Timestamp,0.5,0.0,DSA_ASY,0.7,9877,6466.0,1.0,6461.5,6466.0,48.0,12052.0,86.0,86.0,4.5,1.0,1.0
7,Random Uniform 0.2,Perfect Communication,w Timestamp,0.5,0.0,DSA_ASY,0.7,9941,6947.0,1.0,6947.0,6947.0,58.0,15205.0,266.0,266.0,0.0,1.0,1.0
8,Random Uniform 0.2,Perfect Communication,w Timestamp,0.5,0.0,DSA_ASY,0.7,9948,7727.0,1.0,7727.0,7727.0,57.0,15251.0,196.0,196.0,0.0,1.0,1.0
9,Random Uniform 0.2,Perfect Communication,w Timestamp,0.5,0.0,DSA_ASY,0.7,9983,6763.0,1.0,6763.0,6763.0,64.0,15578.0,296.0,296.0,0.0,1.0,1.0
10,Random Uniform 0.2,Perfect Communication,w Timestamp,0.5,0.0,DSA_ASY,0.7,9881,6586.0,1.0,6586.0,6586.0,68.0,16737.0,248.0,248.0,0.0,1.0,1.0
11,Random Uniform 0.2,Perfect Communication,w Timestamp,0.5,0.0,DSA_ASY,0.7,9903,6709.0,1.0,6709.0,6709.0,59.0,13836.0,268.0,268.0,0.0,1.0,1.0
12,Random Uniform 0.2,Perfect Communication,w Timestamp,0.5,0.0,DSA_ASY,0.7,9858,6549.0,1.0,6549.0,6549.0,63.0,14735.0,323.0,323.0,0.0,1.0,1.0
13,Random Uniform 0.2,Perfect Communication,w Timestamp,0.5,0.0,DSA_ASY,0.7,9991,6641.0,1.0,6641.0,6641.0,60.0,14254.0,344.0,344.0,0.0,1.0,1.0
14,Random Uniform 0.2,Perfect Communication,w Timestamp,0.5,0.0,DSA_ASY,0.7,9882,6971.0,1.0,6971.0,6971.0,67.0,16746.0,317.0,317.0,0.0,1.0,1.0
15,Random Uniform 0.2,Perfect Communication,w Timestamp,0.5,0.0,DSA_ASY,0.7,9924,6966.0,1.0,6966.0,6966.0,63.0,15136.0,319.0,319.0,0.0,1.0,1.0
16,Random Uniform 0.2,Perfect Communication,w Timestamp,0.5,0.0,DSA_ASY,0.7,9913,6085.0,1.0,6085.0,6085.0,67.0,14731.0,76.0,76.0,0.0,1.0,1.0
17,Random Uniform 0.2,Perfect Communication,w Timestamp,0.5,0.0,DSA_ASY,0.7,9935,6814.0,1.0,6814.0,6814.0,67.0,16420.0,242.0,242.0,0.0,1.0,1.0
18,Random Uniform 0.2,Perfect Communication,w Timestamp,0.5,0.0,DSA_ASY,0.7,9920,7433.0,1.0,7433.0,7433.0,66.0,17026.0,326.0,326.0,0.0,1.0,1.0
19,Random Uniform 0.2,Perfect Communication,w Timestamp,0.5,0.0,DSA_ASY,0.7,9992,6968.0,1.0,6968.0,6968.0,68.0,16124.0,264.0,264.0,0.0,1.0,1.0
20,Random Uniform 0.2,Perfect Communication,w Timestamp,0.5,0.0,DSA_ASY,0.7,9940,6303.0,1.0,6303.0,6303.0,71.0,16203.0,279.0,279.0,0.0,1.0,1.0
21,Random Uniform 0.2,Perfect Communication,w Timestamp,0.5,0.0,DSA_ASY,0.7,9930,6329.0,1.0,6329.0,6329.0,72.0,16404.0,292.0,292.0,0.0,1.0,1.0
22,Random Uniform 0.2,Perfect Communication,w Timestamp,0.5,0.0,DSA_ASY,0.7,9931,7464.0,1.0,7464.0,7464.0,64.0,16526.0,331.0,331.0,0.0,1.0,1.0
23,Random Uniform 0.2,Perfect Communication,w Timestamp,0.5,0.0,DSA_ASY,0.7,9981,6555.0,1.0,6555.0,6555.0,60.0,14952.0,235.0,235.0,0.0,1.0,1.0
24,Random Uniform 0.2,Perfect Communication,w Timestamp,0.5,0.0,DSA_ASY,0.7,9973,7037.0,1.0,7037.0,7037.0,57.0,13836.0,293.0,293.0,0.0,1.0,1.0
25,Random Uniform 0.2,Perfect Communication,w Timestamp,0.5,0.0,DSA_ASY,0.7,9871,7212.0,1.0,7212.0,7161.0,60.0,15251.0,296.0,296.0,0.0,1.0,1.0
26,Random Uniform 0.2,Perfect Communication,w Timestamp,0.5,0.0,DSA_ASY,0.7,9902,6719.0,1.0,6719.0,6719.0,60.0,14698.0,134.0,134.0,0.0,1.0,1.0
27,Random Uniform 0.2,Perfect Communication,w Timestamp,0.5,0.0,DSA_ASY,0.7,9986,7124.0,1.0,7124.0,7124.0,64.0,15891.0,372.0,372.0,0.0,1.0,1.0
28,Random Uniform 0.2,Perfect Communication,w Timestamp,0.5,0.0,DSA_ASY,0.7,9878,7046.0,1.0,7046.0,7046.0,61.0,15128.0,302.0,302.0,0.0,1.0,1.0
29,Random Uniform 0.2,Perfect Communication,w Timestamp,0.5,0.0,DSA_ASY,0.7,9991,7331.0,1.0,7331.0,7331.0,61.0,15375.0,192.0,192.0,0.0,1.0,1.0
30,Random Uniform 0.2,Perfect Communication,w Timestamp,0.5,0.0,DSA_ASY,0.7,9951,6649.0,1.0,6649.0,6649.0,51.0,12915.0,233.0,233.0,0.0,1.0,1.0
31,Random Uniform 0.2,Perfect Communication,w Timestamp,0.5,0.0,DSA_ASY,0.7,9960,7401.0,1.0,7401.0,7401.0,55.0,13450.0,468.0,468.0,0.0,1.0,1.0
32,Random Uniform 0.2,Perfect Communication,w Timestamp,0.5,0.0,DSA_ASY,0.7,9929,6612.0,1.0,6612.0,6612.0,57.0,13658.0,465.0,465.0,0.0,1.0,1.0
33,Random Uniform 0.2,Perfect Communication,w Timestamp,0.5,0.0,DSA_ASY,0.7,9894,6910.0,1.0,6910.0,6910.0,63.0,15013.0,201.0,201.0,0.0,1.0,1.0
34,Random Uniform 0.2,Perfect Communication,w Timestamp,0.5,0.0,DSA_ASY,0.7,9947,6867.0,1.0,6867.0,6867.0,52.0,14710.0,244.0,244.0,0.0,1.0,1.0
35,Random Uniform 0.2,Perfect Communication,w Timestamp,0.5,0.0,DSA_ASY,0.7,9918,5771.0,1.0,5771.0,5771.0,70.0,15120.0,313.0,313.0,0.0,1.0,1.0
36,Random Uniform 0.2,Perfect Communication,w Timestamp,0.5,0.0,DSA_ASY,0.7,9844,7793.0,1.0,7793.0,7793.0,63.0,16862.0,157.0,157.0,0.0,1.0,1.0
37,Random Uniform 0.2,Perfect Communication,w Timestamp,0.5,0.0,DSA_ASY,0.7,9967,6745.0,1.0,6751.0,6745.0,64.0,15740.0,366.0,385.0,6.0,1.0,1.0
38,Random Uniform 0.2,Perfect Communication,w Timestamp,0.5,0.0,DSA_ASY,0.7,9989,6964.0,1.0,6985.0,6964.0,68.0,16287.0,414.0,414.0,21.0,1.0,1.0
39,Random Uniform 0.2,Perfect Communication,w Timestamp,0.5,0.0,DSA_ASY,0.7,9996,7496.0,1.0,7496.0,7477.0,64.0,16129.0,318.0,318.0,0.0,1.0,1.0
40,Random Uniform 0.2,Perfect Communication,w Timestamp,0.5,0.0,DSA_ASY,0.7,9947,6386.0,1.0,6386.0,6386.0,57.0,13153.0,197.0,197.0,0.0,1.0,1.0
41,Random Uniform 0.2,Perfect Communication,w Timestamp,0.5,0.0,DSA_ASY,0.7,9920,7296.0,1.0,7296.0,7296.0,59.0,14510.0,249.0,249.0,0.0,1.0,1.0
42,Random Uniform 0.2,Perfect Communication,w Timestamp,0.5,0.0,DSA_ASY,0.7,9847,6503.0,1.0,6503.0,6503.0,54.0,12269.0,342.0,342.0,0.0,1.0,1.0
43,Random Uniform 0.2,Perfect Communication,w Timestamp,0.5,0.0,DSA_ASY,0.7,9850,6378.0,1.0,6378.0,6378.0,57.0,13062.0,166.0,166.0,0.0,1.0,1.0
44,Random Uniform 0.2,Perfect Communication,w Timestamp,0.5,0.0,DSA_ASY,0.7,9931,5964.0,1.0,5964.0,5964.0,57.0,13284.0,404.0,404.0,0.0,1.0,1.0
45,Random Uniform 0.2,Perfect Communication,w Timestamp,0.5,0.0,DSA_ASY,0.7,9937,6182.0,1.0,6182.0,6182.0,60.0,13488.0,154.0,154.0,0.0,1.0,1.0
46,Random Uniform 0.2,Perfect Communication,w Timestamp,0.5,0.0,DSA_ASY,0.7,9941,7161.0,1.0,7161.0,7161.0,68.0,16682.0,448.0,448.0,0.0,1.0,1.0
47,Random Uniform 0.2,Perfect Communication,w Timestamp,0.5,0.0,DSA_ASY,0.7,9938,6162.0,1.0,6162.0,6162.0,62.0,14253.0,452.0,452.0,0.0,1.0,1.0
48,Random Uniform 0.2,Perfect Communication,w Timestamp,0.5,0.0,DSA_ASY,0.7,9951,7142.0,1.0,7142.0,7142.0,67.0,17086.0,287.0,287.0,0.0,1.0,1.0
49,Random Uniform 0.2,Perfect Communication,w Timestamp,0.5,0.0,DSA_ASY,0.7,9935,7776.0,1.0,7776.0,7776.0,60.0,16090.0,276.0,276.0,0.0,1.0,1.0
50,Random Uniform 0.2,Perfect Communication,w Timestamp,0.5,0.0,DSA_ASY,0.7,9946,7749.0,1.0,7749.0,7749.0,60.0,16278.0,373.0,373.0,0.0,1.0,1.0
0,Random Uniform 0.2,Perfect Communication,w Timestamp,0.8,0.0,DSA_ASY,0.7,9981,6628.0,1.0,6628.0,6628.0,65.0,5970.0,362.0,362.0,0.0,1.0,1.0
1,Random Uniform 0.2,Perfect Communication,w Timestamp,0.8,0.0,DSA_ASY,0.7,9871,7050.0,1.0,7037.0,7050.0,52.0,5308.0,138.0,138.0,13.0,1.0,1.0
2,Random Uniform 0.2,Perfect Communication,w Timestamp,0.8,0.0,DSA_ASY,0.7,9882,6870.0,1.0,6887.0,6870.0,50.0,5676.0,169.0,169.0,17.0,1.0,1.0
3,Random Uniform 0.2,Perfect Communication,w Timestamp,0.8,0.0,DSA_ASY,0.7,9852,6152.0,1.0,6064.0,6152.0,52.0,5062.0,310.0,310.0,88.0,1.0,1.0
4,Random Uniform 0.2,Perfect Communication,w Timestamp,0.8,0.0,DSA_ASY,0.7,9995,5825.0,1.0,5788.5,5825.0,51.0,5526.0,225.0,207.0,36.5,1.0,1.0
5,Random Uniform 0.2,Perfect Communication,w Timestamp,0.8,0.0,DSA_ASY,0.7,9926,7287.0,1.0,7336.0,7287.0,52.0,6172.0,229.0,276.0,49.0,1.0,1.0
6,Random Uniform 0.2,Perfect Communication,w Timestamp,0.8,0.0,DSA_ASY,0.7,9851,6426.0,1.0,6478.0,6426.0,53.0,4549.0,114.0,114.0,52.0,1.0,1.0
7,Random Uniform 0.2,Perfect Communication,w Timestamp,0.8,0.0,DSA_ASY,0.7,9861,7112.0,1.0,7189.5,7112.0,28.0,5445.0,291.0,319.0,77.5,1.0,1.0
8,Random Uniform 0.2,Perfect Communication,w Timestamp,0.8,0.0,DSA_ASY,0.7,9907,8072.0,1.0,8093.0,8072.0,51.0,5390.0,260.0,260.0,21.0,1.0,1.0
9,Random Uniform 0.2,Perfect Communication,w Timestamp,0.8,0.0,DSA_ASY,0.7,9951,6871.0,0.0,6814.5,6790.0,59.0,5634.0,150.0,150.0,56.5,1.0,1.0
10,Random Uniform 0.2,Perfect Communication,w Timestamp,0.8,0.0,DSA_ASY,0.7,9866,7052.0,1.0,7233.5,7052.0,59.0,5791.0,338.0,338.0,181.5,1.0,1.0
11,Random Uniform 0.2,Perfect Communication,w Timestamp,0.8,0.0,DSA_ASY,0.7,9921,6498.0,1.0,6538.5,6498.0,52.0,4881.0,136.0,136.0,40.5,1.0,1.0
12,Random Uniform 0.2,Perfect Communication,w Timestamp,0.8,0.0,DSA_ASY,0.7,9901,6965.0,1.0,6863.0,6833.0,57.0,5506.0,376.0,376.0,102.0,1.0,1.0
13,Random Uniform 0.2,Perfect Communication,w Timestamp,0.8,0.0,DSA_ASY,0.7,9891,6720.0,1.0,6727.0,6720.0,59.0,4885.0,442.0,442.0,7.0,1.0,1.0
14,Random Uniform 0.2,Perfect Communication,w Timestamp,0.8,0.0,DSA_ASY,0.7,9981,6865.0,1.0,6862.5,6865.0,53.0,6034.0,267.0,267.0,2.5,1.0,1.0
15,Random Uniform 0.2,Perfect Communication,w Timestamp,0.8,0.0,DSA_ASY,0.7,9915,7000.0,1.0,6915.5,7000.0,57.0,5608.0,259.0,259.0,84.5,1.0,1.0
16,Random Uniform 0.2,Perfect Communication,w Timestamp,0.8,0.0,DSA_ASY,0.7,9881,6210.0,1.0,6287.5,6210.0,60.0,4989.0,99.0,115.0,77.5,1.0,1.0
17,Random Uniform 0.2,Perfect Communication,w Timestamp,0.8,0.0,DSA_ASY,0.7,9947,6781.0,1.0,6784.0,6781.0,68.0,6254.0,202.0,202.0,3.0,1.0,1.0
18,Random Uniform 0.2,Perfect Communication,w Timestamp,0.8,0.0,DSA_ASY,0.7,9951,7641.0,1.0,7641.0,7641.0,62.0,6233.0,159.0,159.0,0.0,1.0,1.0
19,Random Uniform 0.2,Perfect Communication,w Timestamp,0.8,0.0,DSA_ASY,0.7,9941,7036.0,0.0,7051.5,6939.0,54.0,5579.0,293.0,320.0,15.5,1.0,1.0
20,Random Uniform 0.2,Perfect Communication,w Timestamp,0.8,0.0,DSA_ASY,0.7,9911,6288.0,1.0,6283.5,6288.0,62.0,5768.0,265.0,265.0,4.5,1.0,1.0
21,Random Uniform 0.2,Perfect Communication,w Timestamp,0.8,0.0,DSA_ASY,0.7,9953,5982.0,1.0,6070.5,5982.0,69.0,5523.0,254.0,254.0,88.5,1.0,1.0
22,Random Uniform 0.2,Perfect Communication,w Timestamp,0.8,0.0,DSA_ASY,0.7,9999,7701.0,1.0,7701.5,7685.0,61.0,6100.0,349.0,378.0,0.5,1.0,1.0
23,Random Uniform 0.2,Perfect Communication,w Timestamp,0.8,0.0,DSA_ASY,0.7,9931,6939.0,1.0,6965.0,6939.0,54.0,5497.0,252.0,281.0,26.0,1.0,1.0
24,Random Uniform 0.2,Perfect Communication,w Timestamp,0.8,0.0,DSA_ASY,0.7,9915,6977.0,1.0,6916.5,6977.0,48.0,4788.0,281.0,281.0,60.5,1.0,1.0
25,Random Uniform 0.2,Perfect Communication,w Timestamp,0.8,0.0,DSA_ASY,0.7,9920,7462.0,1.0,7458.5,7441.0,61.0,5748.0,369.0,369.0,3.5,1.0,1.0
26,Random Uniform 0.2,Perfect Communication,w Timestamp,0.8,0.0,DSA_ASY,0.7,9982,6368.0,1.0,6406.0,6368.0,61.0,5758.0,130.0,130.0,38.0,1.0,1.0
27,Random Uniform 0.2,Perfect Communication,w Timestamp,0.8,0.0,DSA_ASY,0.7,9871,7481.0,1.0,7545.5,7481.0,64.0,5685.0,388.0,388.0,64.5,1.0,1.0
28,Random Uniform 0.2,Perfect Communication,w Timestamp,0.8,0.0,DSA_ASY,0.7,9851,7175.0,1.0,7151.5,7175.0,48.0,5580.0,269.0,269.0,23.5,1.0,1.0
29,Random Uniform 0.2,Perfect Communication,w Timestamp,0.8,0.0,DSA_ASY,0.7,9931,7139.0,1.0,7219.5,7139.0,57.0,5566.0,200.0,200.0,80.5,1.0,1.0
30,Random Uniform 0.2,Perfect Communication,w Timestamp,0.8,0.0,DSA_ASY,0.7,9921,6953.0,1.0,6946.0,6953.0,30.0,4763.0,371.0,389.0,7.0,1.0,1.0
31,Random Uniform 0.2,Perfect Communication,w Timestamp,0.8,0.0,DSA_ASY,0.7,9871,7496.0,1.0,7631.0,7496.0,66.0,5935.0,380.0,380.0,135.0,1.0,1.0
32,Random Uniform 0.2,Perfect Communication,w Timestamp,0.8,0.0,DSA_ASY,0.7,9891,6854.0,1.0,6897.5,6854.0,50.0,4879.0,404.0,404.0,43.5,1.0,1.0
33,Random Uniform 0.2,Perfect Communication,w Timestamp,0.8,0.0,DSA_ASY,0.7,9921,7036.0,1.0,7119.5,7036.0,63.0,5564.0,290.0,308.0,83.5,1.0,1.0
34,Random Uniform 0.2,Perfect Communication,w Timestamp,0.8,0.0,DSA_ASY,0.7,9973,6926.0,0.0,6946.0,6898.0,24.0,5172.0,320.0,308.0,20.0,1.0,1.0
35,Random Uniform 0.2,Perfect Communication,w Timestamp,0.8,0.0,DSA_ASY,0.7,9976,5879.0,1.0,5913.0,5879.0,71.0,5536.0,227.0,227.0,34.0,1.0,1.0
36,Random Uniform 0.2,Perfect Communication,w Timestamp,0.8,0.0,DSA_ASY,0.7,9853,7676.0,1.0,7753.0,7676.0,59.0,6149.0,177.0,177.0,77.0,1.0,1.0
37,Random Uniform 0.2,Perfect Communication,w Timestamp,0.8,0.0,DSA_ASY,0.7,9931,6924.0,1.0,6965.5,6869.0,54.0,5495.0,209.0,278.0,41.5,1.0,1.0
38,Random Uniform 0.2,Perfect Communication,w Timestamp,0.8,0.0,DSA_ASY,0.7,9881,6702.0,1.0,6702.0,6702.0,51.0,5835.0,445.0,445.0,0.0,1.0,1.0
39,Random Uniform 0.2,Perfect Communication,w Timestamp,0.8,0.0,DSA_ASY,0.7,9991,7545.0,1.0,7557.0,7545.0,56.0,5773.0,329.0,329.0,12.0,1.0,1.0
40,Random Uniform 0.2,Perfect Communication,w Timestamp,0.8,0.0,DSA_ASY,0.7,9931,7064.0,0.0,6959.0,6991.0,49.0,4480.0,180.0,180.0,105.0,1.0,1.0
41,Random Uniform 0.2,Perfect Communication,w Timestamp,0.8,0.0,DSA_ASY,0.7,9861,7070.0,1.0,7049.5,7037.0,50.0,5150.0,168.0,168.0,20.5,1.0,1.0
42,Random Uniform 0.2,Perfect Communication,w Timestamp,0.8,0.0,DSA_ASY,0.7,9926,6241.0,1.0,6252.0,6241.0,47.0,4230.0,373.0,373.0,11.0,1.0,1.0
43,Random Uniform 0.2,Perfect Communication,w Timestamp,0.8,0.0,DSA_ASY,0.7,9921,6532.0,1.0,6348.0,6378.0,45.0,4427.0,276.0,205.0,184.0,1.0,1.0
44,Random Uniform 0.2,Perfect Communication,w Timestamp,0.8,0.0,DSA_ASY,0.7,9951,6357.0,1.0,6370.5,6357.0,49.0,4311.0,259.0,259.0,13.5,1.0,1.0
45,Random Uniform 0.2,Perfect Communication,w Timestamp,0.8,0.0,DSA_ASY,0.7,9971,6396.0,1.0,6463.0,6396.0,61.0,4815.0,203.0,203.0,67.0,1.0,1.0
46,Random Uniform 0.2,Perfect Communication,w Timestamp,0.8,0.0,DSA_ASY,0.7,9863,6978.0,1.0,6976.5,6978.0,64.0,5928.0,367.0,375.0,1.5,1.0,1.0
47,Random Uniform 0.2,Perfect Communication,w Timestamp,0.8,0.0,DSA_ASY,0.7,9959,6482.0,1.0,6504.0,6482.0,50.0,4909.0,535.0,535.0,22.0,1.0,1.0
48,Random Uniform 0.2,Perfect Communication,w Timestamp,0.8,0.0,DSA_ASY,0.7,9895,7317.0,1.0,7261.0,7155.0,56.0,6197.0,356.0,394.0,56.0,1.0,1.0
49,Random Uniform 0.2,Perfect Communication,w Timestamp,0.8,0.0,DSA_ASY,0.7,9861,7919.0,1.0,7901.0,7919.0,57.0,5669.0,235.0,219.0,18.0,1.0,1.0
50,Random Uniform 0.2,Perfect Communication,w Timestamp,0.8,0.0,DSA_ASY,0.7,9968,7678.0,1.0,7760.0,7678.0,54.0,5767.0,396.0,319.0,82.0,1.0,1.0
0,Random Uniform 0.2,Perfect Communication,w Timestamp,0.1,0.0,DSA_ASY,0.7,9924,6875.0,1.0,6875.0,6875.0,67.0,28848.0,303.0,303.0,0.0,1.0,1.0
1,Random Uniform 0.2,Perfect Communication,w Timestamp,0.1,0.0,DSA_ASY,0.7,9846,6985.0,1.0,6985.0,6985.0,59.0,26192.0,143.0,143.0,0.0,1.0,1.0
2,Random Uniform 0.2,Perfect Communication,w Timestamp,0.1,0.0,DSA_ASY,0.7,9947,6497.0,1.0,6497.0,6497.0,63.0,27242.0,156.0,156.0,0.0,1.0,1.0
3,Random Uniform 0.2,Perfect Communication,w Timestamp,0.1,0.0,DSA_ASY,0.7,9982,6368.0,1.0,6368.0,6368.0,61.0,24812.0,370.0,370.0,0.0,1.0,1.0
4,Random Uniform 0.2,Perfect Communication,w Timestamp,0.1,0.0,DSA_ASY,0.7,9911,5950.0,1.0,5950.0,5950.0,69.0,27947.0,284.0,284.0,0.0,1.0,1.0
5,Random Uniform 0.2,Perfect Communication,w Timestamp,0.1,0.0,DSA_ASY,0.7,9858,7283.0,1.0,7267.0,7283.0,66.0,30633.0,300.0,300.0,16.0,1.0,1.0
6,Random Uniform 0.2,Perfect Communication,w Timestamp,0.1,0.0,DSA_ASY,0.7,9891,6872.0,1.0,6872.0,6872.0,56.0,23727.0,60.0,60.0,0.0,1.0,1.0
7,Random Uniform 0.2,Perfect Communication,w Timestamp,0.1,0.0,DSA_ASY,0.7,9968,6905.0,1.0,6905.0,6905.0,62.0,27667.0,300.0,300.0,0.0,1.0,1.0
8,Random Uniform 0.2,Perfect Communication,w Timestamp,0.1,0.0,DSA_ASY,0.7,9901,7984.0,1.0,7984.0,7984.0,56.0,26995.0,188.0,188.0,0.0,1.0,1.0
9,Random Uniform 0.2,Perfect Communication,w Timestamp,0.1,0.0,DSA_ASY,0.7,9979,6686.0,1.0,6686.0,6686.0,61.0,26842.0,182.0,182.0,0.0,1.0,1.0
10,Random Uniform 0.2,Perfect Communication,w Timestamp,0.1,0.0,DSA_ASY,0.7,9872,7106.0,1.0,7106.0,7106.0,66.0,29204.0,268.0,268.0,0.0,1.0,1.0
11,Random Uniform 0.2,Perfect Communication,w Timestamp,0.1,0.0,DSA_ASY,0.7,9959,6529.0,1.0,6529.0,6529.0,59.0,25102.0,272.0,272.0,0.0,1.0,1.0
12,Random Uniform 0.2,Perfect Communication,w Timestamp,0.1,0.0,DSA_ASY,0.7,9923,6281.0,1.0,6281.0,6281.0,63.0,26703.0,259.0,259.0,0.0,1.0,1.0
13,Random Uniform 0.2,Perfect Communication,w Timestamp,0.1,0.0,DSA_ASY,0.7,9904,6490.0,1.0,6490.0,6490.0,59.0,25322.0,375.0,375.0,0.0,1.0,1.0
14,Random Uniform 0.2,Perfect Communication,w Timestamp,0.1,0.0,DSA_ASY,0.7,9877,6754.0,1.0,6754.0,6754.0,65.0,29434.0,275.0,275.0,0.0,1.0,1.0
15,Random Uniform 0.2,Perfect Communication,w Timestamp,0.1,0.0,DSA_ASY,0.7,9911,6773.0,1.0,6773.0,6773.0,63.0,27491.0,243.0,243.0,0.0,1.0,1.0
16,Random Uniform 0.2,Perfect Communication,w Timestamp,0.1,0.0,DSA_ASY,0.7,9978,6039.0,1.0,6039.0,6039.0,66.0,26391.0,28.0,28.0,0.0,1.0,1.0
17,Random Uniform 0.2,Perfect Communication,w Timestamp,0.1,0.0,DSA_ASY,0.7,9850,6718.0,1.0,6718.0,6718.0,66.0,29262.0,72.0,72.0,0.0,1.0,1.0
18,Random Uniform 0.2,Perfect Communication,w Timestamp,0.1,0.0,DSA_ASY,0.7,9946,7540.0,1.0,7540.0,7540.0,59.0,27458.0,272.0,272.0,0.0,1.0,1.0
19,Random Uniform 0.2,Perfect Communication,w Timestamp,0.1,0.0,DSA_ASY,0.7,9945,6848.0,1.0,6848.0,6848.0,66.0,28979.0,352.0,352.0,0.0,1.0,1.0
20,Random Uniform 0.2,Perfect Communication,w Timestamp,0.1,0.0,DSA_ASY,0.7,9973,6303.0,1.0,6303.0,6303.0,71.0,29301.0,399.0,399.0,0.0,1.0,1.0
21,Random Uniform 0.2,Perfect Communication,w Timestamp,0.1,0.0,DSA_ASY,0.7,9920,6382.0,1.0,6382.0,6382.0,71.0,29336.0,244.0,244.0,0.0,1.0,1.0
22,Random Uniform 0.2,Perfect Communication,w Timestamp,0.1,0.0,DSA_ASY,0.7,9901,7391.0,1.0,7391.0,7391.0,62.0,28745.0,365.0,365.0,0.0,1.0,1.0
23,Random Uniform 0.2,Perfect Communication,w Timestamp,0.1,0.0,DSA_ASY,0.7,9861,6954.0,1.0,6954.0,6954.0,59.0,26539.0,372.0,372.0,0.0,1.0,1.0
24,Random Uniform 0.2,Perfect Communication,w Timestamp,0.1,0.0,DSA_ASY,0.7,9976,6757.0,1.0,6757.0,6757.0,55.0,24208.0,249.0,249.0,0.0,1.0,1.0
25,Random Uniform 0.2,Perfect Communication,w Timestamp,0.1,0.0,DSA_ASY,0.7,9856,7655.0,1.0,7655.0,7655.0,59.0,27102.0,355.0,355.0,0.0,1.0,1.0
26,Random Uniform 0.2,Perfect Communication,w Timestamp,0.1,0.0,DSA_ASY,0.7,9978,6335.0,1.0,6335.0,6335.0,67.0,29066.0,146.0,146.0,0.0,1.0,1.0
27,Random Uniform 0.2,Perfect Communication,w Timestamp,0.1,0.0,DSA_ASY,0.7,9844,7063.0,1.0,7044.5,7048.0,62.0,28421.0,310.0,312.0,18.5,1.0,1.0
28,Random Uniform 0.2,Perfect Communication,w Timestamp,0.1,0.0,DSA_ASY,0.7,9858,6634.0,1.0,6634.0,6634.0,62.0,27228.0,132.0,132.0,0.0,1.0,1.0
29,Random Uniform 0.2,Perfect Communication,w Timestamp,0.1,0.0,DSA_ASY,0.7,9841,7070.0,1.0,7070.0,7070.0,59.0,26620.0,174.0,174.0,0.0,1.0,1.0
30,Random Uniform 0.2,Perfect Communication,w Timestamp,0.1,0.0,DSA_ASY,0.7,9851,6635.0,1.0,6635.0,6635.0,53.0,22876.0,338.0,338.0,0.0,1.0,1.0
31,Random Uniform 0.2,Perfect Communication,w Timestamp,0.1,0.0,DSA_ASY,0.7,9878,7144.0,1.0,7144.0,7131.0,61.0,28383.0,441.0,441.0,0.0,1.0,1.0
32,Random Uniform 0.2,Perfect Communication,w Timestamp,0.1,0.0,DSA_ASY,0.7,9979,7074.0,1.0,7074.0,7074.0,56.0,24213.0,472.0,472.0,0.0,1.0,1.0
33,Random Uniform 0.2,Perfect Communication,w Timestamp,0.1,0.0,DSA_ASY,0.7,9901,6540.0,1.0,6540.0,6540.0,63.0,27053.0,374.0,374.0,0.0,1.0,1.0
34,Random Uniform 0.2,Perfect Communication,w Timestamp,0.1,0.0,DSA_ASY,0.7,9851,6501.0,1.0,6501.0,6501.0,59.0,26201.0,232.0,232.0,0.0,1.0,1.0
35,Random Uniform 0.2,Perfect Communication,w Timestamp,0.1,0.0,DSA_ASY,0.7,9873,5994.0,1.0,5994.0,5994.0,71.0,27700.0,304.0,304.0,0.0,1.0,1.0
36,Random Uniform 0.2,Perfect Communication,w Timestamp,0.1,0.0,DSA_ASY,0.7,9873,7803.0,1.0,7803.0,7803.0,60.0,28902.0,92.0,92.0,0.0,1.0,1.0
37,Random Uniform 0.2,Perfect Communication,w Timestamp,0.1,0.0,DSA_ASY,0.7,9886,7231.0,1.0,7231.0,7208.0,60.0,26002.0,361.0,361.0,0.0,1.0,1.0
38,Random Uniform 0.2,Perfect Communication,w Timestamp,0.1,0.0,DSA_ASY,0.7,9950,6734.0,1.0,6734.0,6734.0,67.0,28910.0,440.0,440.0,0.0,1.0,1.0
39,Random Uniform 0.2,Perfect Communication,w Timestamp,0.1,0.0,DSA_ASY,0.7,9985,7430.0,1.0,7430.0,7430.0,62.0,28219.0,363.0,363.0,0.0,1.0,1.0
40,Random Uniform 0.2,Perfect Communication,w Timestamp,0.1,0.0,DSA_ASY,0.7,9894,6660.0,1.0,6660.0,6660.0,54.0,22522.0,140.0,140.0,0.0,1.0,1.0
41,Random Uniform 0.2,Perfect Communication,w Timestamp,0.1,0.0,DSA_ASY,0.7,9901,7199.0,1.0,7199.0,7199.0,58.0,25669.0,347.0,347.0,0.0,1.0,1.0
42,Random Uniform 0.2,Perfect Communication,w Timestamp,0.1,0.0,DSA_ASY,0.7,9841,6222.0,1.0,6222.0,6222.0,53.0,21783.0,301.0,301.0,0.0,1.0,1.0
43,Random Uniform 0.2,Perfect Communication,w Timestamp,0.1,0.0,DSA_ASY,0.7,9950,5987.0,1.0,5987.0,5987.0,56.0,22886.0,176.0,176.0,0.0,1.0,1.0
44,Random Uniform 0.2,Perfect Communication,w Timestamp,0.1,0.0,DSA_ASY,0.7,9882,6241.0,0.0,6220.0,6161.0,58.0,23329.0,385.0,385.0,21.0,1.0,1.0
45,Random Uniform 0.2,Perfect Communication,w Timestamp,0.1,0.0,DSA_ASY,0.7,9831,6071.0,1.0,6071.0,6068.0,59.0,24019.0,128.0,128.0,0.0,1.0,1.0
46,Random Uniform 0.2,Perfect Communication,w Timestamp,0.1,0.0,DSA_ASY,0.7,9941,6768.0,1.0,6768.0,6768.0,64.0,28261.0,368.0,368.0,0.0,1.0,1.0
47,Random Uniform 0.2,Perfect Communication,w Timestamp,0.1,0.0,DSA_ASY,0.7,9913,6202.0,1.0,6202.0,6188.0,62.0,25779.0,252.0,252.0,0.0,1.0,1.0
48,Random Uniform 0.2,Perfect Communication,w Timestamp,0.1,0.0,DSA_ASY,0.7,9906,7381.0,1.0,7381.0,7381.0,66.0,30057.0,392.0,392.0,0.0,1.0,1.0
49,Random Uniform 0.2,Perfect Communication,w Timestamp,0.1,0.0,DSA_ASY,0.7,9861,7611.0,1.0,7611.0,7611.0,59.0,28472.0,255.0,255.0,0.0,1.0,1.0
50,Random Uniform 0.2,Perfect Communication,w Timestamp,0.1,0.0,DSA_ASY,0.7,9892,7810.0,1.0,7810.0,7810.0,58.0,28245.0,302.0,302.0,0.0,1.0,1.0
0,Random Uniform 0.2,Perfect Communication,w Timestamp,0.4,0.0,DSA_ASY,0.7,9991,6563.0,1.0,6563.0,6563.0,68.0,19530.0,396.0,396.0,0.0,1.0,1.0
1,Random Uniform 0.2,Perfect Communication,w Timestamp,0.4,0.0,DSA_ASY,0.7,9883,6945.0,1.0,6945.0,6945.0,60.0,17734.0,163.0,163.0,0.0,1.0,1.0
2,Random Uniform 0.2,Perfect Communication,w Timestamp,0.4,0.0,DSA_ASY,0.7,9917,6359.0,1.0,6359.0,6359.0,63.0,18129.0,180.0,180.0,0.0,1.0,1.0
3,Random Uniform 0.2,Perfect Communication,w Timestamp,0.4,0.0,DSA_ASY,0.7,9923,6268.0,1.0,6268.0,6268.0,63.0,17070.0,335.0,335.0,0.0,1.0,1.0
4,Random Uniform 0.2,Perfect Communication,w Timestamp,0.4,0.0,DSA_ASY,0.7,9950,5926.0,1.0,5926.0,5926.0,72.0,18906.0,338.0,338.0,0.0,1.0,1.0
5,Random Uniform 0.2,Perfect Communication,w Timestamp,0.4,0.0,DSA_ASY,0.7,9943,7020.0,1.0,7020.0,7020.0,64.0,20113.0,256.0,256.0,0.0,1.0,1.0
6,Random Uniform 0.2,Perfect Communication,w Timestamp,0.4,0.0,DSA_ASY,0.7,9950,6287.0,1.0,6287.0,6287.0,45.0,13622.0,155.0,155.0,0.0,1.0,1.0
7,Random Uniform 0.2,Perfect Communication,w Timestamp,0.4,0.0,DSA_ASY,0.7,9928,6800.0,1.0,6800.0,6800.0,62.0,18672.0,226.0,226.0,0.0,1.0,1.0
8,Random Uniform 0.2,Perfect Communication,w Timestamp,0.4,0.0,DSA_ASY,0.7,9971,7551.0,1.0,7551.0,7551.0,57.0,18232.0,251.0,251.0,0.0,1.0,1.0
9,Random Uniform 0.2,Perfect Communication,w Timestamp,0.4,0.0,DSA_ASY,0.7,9871,7010.0,1.0,7010.0,7010.0,63.0,18416.0,218.0,218.0,0.0,1.0,1.0
10,Random Uniform 0.2,Perfect Communication,w Timestamp,0.4,0.0,DSA_ASY,0.7,9951,6881.0,1.0,6881.0,6881.0,68.0,20063.0,185.0,185.0,0.0,1.0,1.0
11,Random Uniform 0.2,Perfect Communication,w Timestamp,0.4,0.0,DSA_ASY,0.7,9835,6469.0,1.0,6469.0,6469.0,59.0,16725.0,203.0,203.0,0.0,1.0,1.0
12,Random Uniform 0.2,Perfect Communication,w Timestamp,0.4,0.0,DSA_ASY,0.7,9955,6483.0,1.0,6483.0,6483.0,63.0,17918.0,187.0,187.0,0.0,1.0,1.0
13,Random Uniform 0.2,Perfect Communication,w Timestamp,0.4,0.0,DSA_ASY,0.7,9831,6595.0,1.0,6595.0,6595.0,59.0,16947.0,356.0,356.0,0.0,1.0,1.0
14,Random Uniform 0.2,Perfect Communication,w Timestamp,0.4,0.0,DSA_ASY,0.7,9971,7076.0,1.0,7076.0,7076.0,68.0,20445.0,195.0,195.0,0.0,1.0,1.0
15,Random Uniform 0.2,Perfect Communication,w Timestamp,0.4,0.0,DSA_ASY,0.7,9879,7128.0,1.0,7128.0,7128.0,62.0,17951.0,215.0,215.0,0.0,1.0,1.0
16,Random Uniform 0.2,Perfect Communication,w Timestamp,0.4,0.0,DSA_ASY,0.7,9968,5994.0,1.0,5994.0,5994.0,67.0,17864.0,37.0,37.0,0.0,1.0,1.0
17,Random Uniform 0.2,Perfect Communication,w Timestamp,0.4,0.0,DSA_ASY,0.7,9928,7032.0,1.0,7032.0,7032.0,67.0,19778.0,191.0,191.0,0.0,1.0,1.0
18,Random Uniform 0.2,Perfect Communication,w Timestamp,0.4,0.0,DSA_ASY,0.7,9900,7283.0,1.0,7283.0,7283.0,65.0,20209.0,280.0,280.0,0.0,1.0,1.0
19,Random Uniform 0.2,Perfect Communication,w Timestamp,0.4,0.0,DSA_ASY,0.7,9925,6728.0,1.0,6728.0,6728.0,66.0,19013.0,285.0,285.0,0.0,1.0,1.0
20,Random Uniform 0.2,Perfect Communication,w Timestamp,0.4,0.0,DSA_ASY,0.7,9867,5930.0,1.0,5930.0,5930.0,64.0,17249.0,387.0,387.0,0.0,1.0,1.0
21,Random Uniform 0.2,Perfect Communication,w Timestamp,0.4,0.0,DSA_ASY,0.7,9881,6346.0,1.0,6346.0,6346.0,72.0,19698.0,249.0,249.0,0.0,1.0,1.0
22,Random Uniform 0.2,Perfect Communication,w Timestamp,0.4,0.0,DSA_ASY,0.7,9873,7199.0,1.0,7199.0,7199.0,63.0,19597.0,369.0,369.0,0.0,1.0,1.0
23,Random Uniform 0.2,Perfect Communication,w Timestamp,0.4,0.0,DSA_ASY,0.7,9863,6938.0,1.0,6938.0,6938.0,59.0,17618.0,294.0,294.0,0.0,1.0,1.0
24,Random Uniform 0.2,Perfect Communication,w Timestamp,0.4,0.0,DSA_ASY,0.7,9940,6855.0,1.0,6855.0,6855.0,55.0,16033.0,342.0,342.0,0.0,1.0,1.0
25,Random Uniform 0.2,Perfect Communication,w Timestamp,0.4,0.0,DSA_ASY,0.7,9981,7468.0,1.0,7468.0,7468.0,60.0,18329.0,432.0,432.0,0.0,1.0,1.0
26,Random Uniform 0.2,Perfect Communication,w Timestamp,0.4,0.0,DSA_ASY,0.7,9870,6554.0,1.0,6554.0,6554.0,64.0,18595.0,179.0,179.0,0.0,1.0,1.0
27,Random Uniform 0.2,Perfect Communication,w Timestamp,0.4,0.0,DSA_ASY,0.7,9921,7338.0,1.0,7338.0,7338.0,63.0,19218.0,403.0,403.0,0.0,1.0,1.0
28,Random Uniform 0.2,Perfect Communication,w Timestamp,0.4,0.0,DSA_ASY,0.7,9913,6599.0,1.0,6599.0,6578.0,60.0,17940.0,264.0,264.0,0.0,1.0,1.0
29,Random Uniform 0.2,Perfect Communication,w Timestamp,0.4,0.0,DSA_ASY,0.7,9871,7133.0,1.0,7133.0,7133.0,59.0,18012.0,189.0,189.0,0.0,1.0,1.0
30,Random Uniform 0.2,Perfect Communication,w Timestamp,0.4,0.0,DSA_ASY,0.7,9962,6708.0,1.0,6708.0,6708.0,54.0,15572.0,167.0,167.0,0.0,1.0,1.0
31,Random Uniform 0.2,Perfect Communication,w Timestamp,0.4,0.0,DSA_ASY,0.7,9861,7303.0,1.0,7303.0,7303.0,63.0,19662.0,511.0,511.0,0.0,1.0,1.0
32,Random Uniform 0.2,Perfect Communication,w Timestamp,0.4,0.0,DSA_ASY,0.7,9847,6869.0,1.0,6869.0,6869.0,56.0,16121.0,555.0,555.0,0.0,1.0,1.0
33,Random Uniform 0.2,Perfect Communication,w Timestamp,0.4,0.0,DSA_ASY,0.7,9951,6581.0,1.0,6578.5,6581.0,64.0,18327.0,359.0,359.0,2.5,1.0,1.0
34,Random Uniform 0.2,Perfect Communication,w Timestamp,0.4,0.0,DSA_ASY,0.7,9928,6864.0,1.0,6864.0,6864.0,56.0,17469.0,136.0,136.0,0.0,1.0,1.0
35,Random Uniform 0.2,Perfect Communication,w Timestamp,0.4,0.0,DSA_ASY,0.7,9938,5994.0,1.0,5994.0,5994.0,70.0,18334.0,407.0,407.0,0.0,1.0,1.0
36,Random Uniform 0.2,Perfect Communication,w Timestamp,0.4,0.0,DSA_ASY,0.7,9930,7756.0,1.0,7756.0,7756.0,63.0,20242.0,248.0,248.0,0.0,1.0,1.0
37,Random Uniform 0.2,Perfect Communication,w Timestamp,0.4,0.0,DSA_ASY,0.7,9997,6921.0,1.0,6921.0,6921.0,64.0,18892.0,294.0,294.0,0.0,1.0,1.0
38,Random Uniform 0.2,Perfect Communication,w Timestamp,0.4,0.0,DSA_ASY,0.7,9971,6633.0,1.0,6633.0,6633.0,68.0,19602.0,511.0,511.0,0.0,1.0,1.0
39,Random Uniform 0.2,Perfect Communication,w Timestamp,0.4,0.0,DSA_ASY,0.7,9841,7104.0,1.0,7104.0,7104.0,63.0,19158.0,277.0,277.0,0.0,1.0,1.0
40,Random Uniform 0.2,Perfect Communication,w Timestamp,0.4,0.0,DSA_ASY,0.7,9966,6815.0,1.0,6815.0,6815.0,57.0,15764.0,70.0,70.0,0.0,1.0,1.0
41,Random Uniform 0.2,Perfect Communication,w Timestamp,0.4,0.0,DSA_ASY,0.7,9998,7205.0,1.0,7205.0,7205.0,59.0,17499.0,161.0,161.0,0.0,1.0,1.0
42,Random Uniform 0.2,Perfect Communication,w Timestamp,0.4,0.0,DSA_ASY,0.7,9931,6359.0,1.0,6359.0,6359.0,54.0,14678.0,320.0,320.0,0.0,1.0,1.0
43,Random Uniform 0.2,Perfect Communication,w Timestamp,0.4,0.0,DSA_ASY,0.7,9901,6427.0,1.0,6427.0,6427.0,57.0,15670.0,224.0,224.0,0.0,1.0,1.0
44,Random Uniform 0.2,Perfect Communication,w Timestamp,0.4,0.0,DSA_ASY,0.7,9891,5998.0,1.0,5998.0,5998.0,60.0,15959.0,326.0,326.0,0.0,1.0,1.0
45,Random Uniform 0.2,Perfect Communication,w Timestamp,0.4,0.0,DSA_ASY,0.7,9969,6302.0,1.0,6302.0,6302.0,60.0,16250.0,125.0,125.0,0.0,1.0,1.0
46,Random Uniform 0.2,Perfect Communication,w Timestamp,0.4,0.0,DSA_ASY,0.7,9951,7015.0,1.0,7015.0,7015.0,67.0,19750.0,351.0,351.0,0.0,1.0,1.0
47,Random Uniform 0.2,Perfect Communication,w Timestamp,0.4,0.0,DSA_ASY,0.7,9970,6553.0,1.0,6553.0,6494.0,62.0,17103.0,332.0,332.0,0.0,1.0,1.0
48,Random Uniform 0.2,Perfect Communication,w Timestamp,0.4,0.0,DSA_ASY,0.7,9941,6962.0,1.0,6962.0,6962.0,68.0,20525.0,312.0,312.0,0.0,1.0,1.0
49,Random Uniform 0.2,Perfect Communication,w Timestamp,0.4,0.0,DSA_ASY,0.7,9992,7700.0,1.0,7700.0,7700.0,60.0,19293.0,199.0,199.0,0.0,1.0,1.0
50,Random Uniform 0.2,Perfect Communication,w Timestamp,0.4,0.0,DSA_ASY,0.7,9819,7619.0,1.0,7619.0,7619.0,59.0,19258.0,399.0,399.0,0.0,1.0,1.0
0,Random Uniform 0.2,Perfect Communication,w Timestamp,0.6,0.0,DSA_ASY,0.7,9912,6602.0,1.0,6602.0,6602.0,40.0,9200.0,254.0,254.0,0.0,1.0,1.0
1,Random Uniform 0.2,Perfect Communication,w Timestamp,0.6,0.0,DSA_ASY,0.7,9897,6978.0,1.0,6978.0,6978.0,61.0,11777.0,89.0,89.0,0.0,1.0,1.0
2,Random Uniform 0.2,Perfect Communication,w Timestamp,0.6,0.0,DSA_ASY,0.7,9971,6773.0,1.0,6773.0,6773.0,61.0,12225.0,245.0,245.0,0.0,1.0,1.0
3,Random Uniform 0.2,Perfect Communication,w Timestamp,0.6,0.0,DSA_ASY,0.7,9978,6200.0,1.0,6168.5,6200.0,61.0,10927.0,295.0,295.0,31.5,1.0,1.0
4,Random Uniform 0.2,Perfect Communication,w Timestamp,0.6,0.0,DSA_ASY,0.7,9930,5604.0,1.0,5611.0,5604.0,68.0,12638.0,208.0,208.0,7.0,1.0,1.0
5,Random Uniform 0.2,Perfect Communication,w Timestamp,0.6,0.0,DSA_ASY,0.7,9881,7547.0,1.0,7547.0,7547.0,65.0,14031.0,277.0,277.0,0.0,1.0,1.0
6,Random Uniform 0.2,Perfect Communication,w Timestamp,0.6,0.0,DSA_ASY,0.7,9831,6466.0,1.0,6466.0,6466.0,57.0,10386.0,134.0,134.0,0.0,1.0,1.0
7,Random Uniform 0.2,Perfect Communication,w Timestamp,0.6,0.0,DSA_ASY,0.7,9910,7093.0,1.0,7093.0,7093.0,54.0,12552.0,247.0,247.0,0.0,1.0,1.0
8,Random Uniform 0.2,Perfect Communication,w Timestamp,0.6,0.0,DSA_ASY,0.7,9901,7674.0,1.0,7674.0,7674.0,57.0,12157.0,204.0,204.0,0.0,1.0,1.0
9,Random Uniform 0.2,Perfect Communication,w Timestamp,0.6,0.0,DSA_ASY,0.7,9911,6960.0,1.0,6960.5,6924.0,64.0,12382.0,320.0,325.0,0.5,1.0,1.0
10,Random Uniform 0.2,Perfect Communication,w Timestamp,0.6,0.0,DSA_ASY,0.7,9923,6662.0,1.0,6705.5,6662.0,68.0,13292.0,221.0,221.0,43.5,1.0,1.0
11,Random Uniform 0.2,Perfect Communication,w Timestamp,0.6,0.0,DSA_ASY,0.7,9981,6190.0,1.0,6190.0,6190.0,61.0,11242.0,200.0,200.0,0.0,1.0,1.0
12,Random Uniform 0.2,Perfect Communication,w Timestamp,0.6,0.0,DSA_ASY,0.7,9903,6547.0,1.0,6547.0,6547.0,63.0,11920.0,224.0,224.0,0.0,1.0,1.0
13,Random Uniform 0.2,Perfect Communication,w Timestamp,0.6,0.0,DSA_ASY,0.7,9831,6829.0,1.0,6829.0,6829.0,60.0,11379.0,389.0,389.0,0.0,1.0,1.0
14,Random Uniform 0.2,Perfect Communication,w Timestamp,0.6,0.0,DSA_ASY,0.7,9851,7029.0,1.0,7029.0,7029.0,66.0,13511.0,278.0,278.0,0.0,1.0,1.0
15,Random Uniform 0.2,Perfect Communication,w Timestamp,0.6,0.0,DSA_ASY,0.7,9992,6972.0,1.0,6977.0,6972.0,65.0,12071.0,312.0,312.0,5.0,1.0,1.0
16,Random Uniform 0.2,Perfect Communication,w Timestamp,0.6,0.0,DSA_ASY,0.7,9881,6150.0,1.0,6150.0,6150.0,68.0,11852.0,37.0,37.0,0.0,1.0,1.0
17,Random Uniform 0.2,Perfect Communication,w Timestamp,0.6,0.0,DSA_ASY,0.7,9980,6679.0,1.0,6679.0,6679.0,68.0,13206.0,212.0,212.0,0.0,1.0,1.0
18,Random Uniform 0.2,Perfect Communication,w Timestamp,0.6,0.0,DSA_ASY,0.7,9851,7359.0,1.0,7359.0,7359.0,67.0,13746.0,272.0,272.0,0.0,1.0,1.0
19,Random Uniform 0.2,Perfect Communication,w Timestamp,0.6,0.0,DSA_ASY,0.7,9954,7004.0,1.0,7004.0,7004.0,68.0,12897.0,215.0,215.0,0.0,1.0,1.0
20,Random Uniform 0.2,Perfect Communication,w Timestamp,0.6,0.0,DSA_ASY,0.7,9942,6065.0,1.0,6065.0,5997.0,73.0,13170.0,363.0,363.0,0.0,1.0,1.0
21,Random Uniform 0.2,Perfect Communication,w Timestamp,0.6,0.0,DSA_ASY,0.7,9905,6270.0,1.0,6270.0,6253.0,71.0,12905.0,298.0,298.0,0.0,1.0,1.0
22,Random Uniform 0.2,Perfect Communication,w Timestamp,0.6,0.0,DSA_ASY,0.7,9951,7265.0,1.0,7265.0,7254.0,64.0,13117.0,266.0,266.0,0.0,1.0,1.0
23,Random Uniform 0.2,Perfect Communication,w Timestamp,0.6,0.0,DSA_ASY,0.7,9851,6916.0,1.0,6896.5,6916.0,60.0,11787.0,281.0,281.0,19.5,1.0,1.0
24,Random Uniform 0.2,Perfect Communication,w Timestamp,0.6,0.0,DSA_ASY,0.7,9912,6674.0,1.0,6674.0,6674.0,56.0,10688.0,278.0,278.0,0.0,1.0,1.0
25,Random Uniform 0.2,Perfect Communication,w Timestamp,0.6,0.0,DSA_ASY,0.7,9841,7022.0,1.0,7022.0,7022.0,60.0,12011.0,434.0,434.0,0.0,1.0,1.0
26,Random Uniform 0.2,Perfect Communication,w Timestamp,0.6,0.0,DSA_ASY,0.7,9992,6440.0,1.0,6440.0,6440.0,65.0,12900.0,180.0,180.0,0.0,1.0,1.0
27,Random Uniform 0.2,Perfect Communication,w Timestamp,0.6,0.0,DSA_ASY,0.7,9955,7340.0,1.0,7385.0,7340.0,52.0,9188.0,370.0,381.0,45.0,1.0,1.0
28,Random Uniform 0.2,Perfect Communication,w Timestamp,0.6,0.0,DSA_ASY,0.7,9906,6905.0,1.0,6905.0,6905.0,62.0,12065.0,366.0,366.0,0.0,1.0,1.0
29,Random Uniform 0.2,Perfect Communication,w Timestamp,0.6,0.0,DSA_ASY,0.7,9931,6813.0,1.0,6813.0,6813.0,61.0,12173.0,180.0,180.0,0.0,1.0,1.0
30,Random Uniform 0.2,Perfect Communication,w Timestamp,0.6,0.0,DSA_ASY,0.7,9810,6903.0,1.0,6903.0,6903.0,50.0,10283.0,224.0,224.0,0.0,1.0,1.0
31,Random Uniform 0.2,Perfect Communication,w Timestamp,0.6,0.0,DSA_ASY,0.7,9961,7390.0,1.0,7390.0,7390.0,64.0,13170.0,489.0,489.0,0.0,1.0,1.0
32,Random Uniform 0.2,Perfect Communication,w Timestamp,0.6,0.0,DSA_ASY,0.7,9865,6950.0,1.0,6950.0,6950.0,57.0,10862.0,498.0,498.0,0.0,1.0,1.0
33,Random Uniform 0.2,Perfect Communication,w Timestamp,0.6,0.0,DSA_ASY,0.7,9981,6523.0,1.0,6523.0,6523.0,63.0,12272.0,365.0,365.0,0.0,1.0,1.0
34,Random Uniform 0.2,Perfect Communication,w Timestamp,0.6,0.0,DSA_ASY,0.7,9995,7003.0,1.0,7002.5,7003.0,47.0,11636.0,285.0,285.0,0.5,1.0,1.0
35,Random Uniform 0.2,Perfect Communication,w Timestamp,0.6,0.0,DSA_ASY,0.7,9917,5559.0,1.0,5559.0,5559.0,73.0,12513.0,209.0,209.0,0.0,1.0,1.0
36,Random Uniform 0.2,Perfect Communication,w Timestamp,0.6,0.0,DSA_ASY,0.7,9987,7467.0,1.0,7467.0,7467.0,64.0,13581.0,200.0,200.0,0.0,1.0,1.0
37,Random Uniform 0.2,Perfect Communication,w Timestamp,0.6,0.0,DSA_ASY,0.7,9881,6773.0,1.0,6773.0,6769.0,63.0,12547.0,222.0,222.0,0.0,1.0,1.0
38,Random Uniform 0.2,Perfect Communication,w Timestamp,0.6,0.0,DSA_ASY,0.7,9965,6729.0,1.0,6729.0,6729.0,62.0,12698.0,422.0,422.0,0.0,1.0,1.0
39,Random Uniform 0.2,Perfect Communication,w Timestamp,0.6,0.0,DSA_ASY,0.7,9781,7009.0,1.0,7014.0,7009.0,63.0,12645.0,394.0,394.0,5.0,1.0,1.0
40,Random Uniform 0.2,Perfect Communication,w Timestamp,0.6,0.0,DSA_ASY,0.7,9851,6265.0,1.0,6265.0,6265.0,57.0,10387.0,159.0,159.0,0.0,1.0,1.0
41,Random Uniform 0.2,Perfect Communication,w Timestamp,0.6,0.0,DSA_ASY,0.7,9921,7099.0,1.0,7099.0,7099.0,59.0,11753.0,246.0,246.0,0.0,1.0,1.0
42,Random Uniform 0.2,Perfect Communication,w Timestamp,0.6,0.0,DSA_ASY,0.7,9828,6301.0,1.0,6301.0,6301.0,53.0,9667.0,368.0,368.0,0.0,1.0,1.0
43,Random Uniform 0.2,Perfect Communication,w Timestamp,0.6,0.0,DSA_ASY,0.7,9965,6357.0,1.0,6357.0,6357.0,58.0,10386.0,269.0,269.0,0.0,1.0,1.0
44,Random Uniform 0.2,Perfect Communication,w Timestamp,0.6,0.0,DSA_ASY,0.7,9841,6008.0,1.0,6031.5,6008.0,57.0,10508.0,318.0,318.0,23.5,1.0,1.0
45,Random Uniform 0.2,Perfect Communication,w Timestamp,0.6,0.0,DSA_ASY,0.7,9978,6210.0,1.0,6210.0,6181.0,61.0,9996.0,70.0,70.0,0.0,1.0,1.0
46,Random Uniform 0.2,Perfect Communication,w Timestamp,0.6,0.0,DSA_ASY,0.7,9985,6693.0,1.0,6693.0,6693.0,65.0,12896.0,344.0,344.0,0.0,1.0,1.0
47,Random Uniform 0.2,Perfect Communication,w Timestamp,0.6,0.0,DSA_ASY,0.7,9907,6378.0,1.0,6378.0,6378.0,63.0,11661.0,422.0,422.0,0.0,1.0,1.0
48,Random Uniform 0.2,Perfect Communication,w Timestamp,0.6,0.0,DSA_ASY,0.7,9861,7219.0,1.0,7219.0,7219.0,67.0,13509.0,330.0,330.0,0.0,1.0,1.0
49,Random Uniform 0.2,Perfect Communication,w Timestamp,0.6,0.0,DSA_ASY,0.7,9881,7971.0,1.0,7971.0,7971.0,60.0,12853.0,239.0,239.0,0.0,1.0,1.0
50,Random Uniform 0.2,Perfect Communication,w Timestamp,0.6,0.0,DSA_ASY,0.7,9901,7720.0,1.0,7720.0,7720.0,59.0,13052.0,313.0,313.0,0.0,1.0,1.0
0,Random Uniform 0.2,Perfect Communication,w Timestamp,0.7,0.0,DSA_ASY,0.7,9936,6910.0,1.0,6853.0,6887.0,36.0,6010.0,354.0,351.0,57.0,1.0,1.0
1,Random Uniform 0.2,Perfect Communication,w Timestamp,0.7,0.0,DSA_ASY,0.7,9891,6898.0,1.0,6898.0,6898.0,60.0,8776.0,107.0,107.0,0.0,1.0,1.0
2,Random Uniform 0.2,Perfect Communication,w Timestamp,0.7,0.0,DSA_ASY,0.7,9889,6550.0,1.0,6509.5,6550.0,62.0,8855.0,152.0,152.0,40.5,1.0,1.0
3,Random Uniform 0.2,Perfect Communication,w Timestamp,0.7,0.0,DSA_ASY,0.7,9982,6432.0,1.0,6435.0,6432.0,62.0,8346.0,283.0,283.0,3.0,1.0,1.0
4,Random Uniform 0.2,Perfect Communication,w Timestamp,0.7,0.0,DSA_ASY,0.7,9998,6032.0,1.0,6032.0,6032.0,68.0,9177.0,292.0,292.0,0.0,1.0,1.0
5,Random Uniform 0.2,Perfect Communication,w Timestamp,0.7,0.0,DSA_ASY,0.7,9868,7312.0,1.0,7312.0,7312.0,61.0,10368.0,246.0,246.0,0.0,1.0,1.0
6,Random Uniform 0.2,Perfect Communication,w Timestamp,0.7,0.0,DSA_ASY,0.7,9831,6476.0,1.0,6512.5,6476.0,58.0,7611.0,106.0,106.0,36.5,1.0,1.0
7,Random Uniform 0.2,Perfect Communication,w Timestamp,0.7,0.0,DSA_ASY,0.7,9981,6932.0,1.0,6932.0,6932.0,39.0,8479.0,293.0,293.0,0.0,1.0,1.0
8,Random Uniform 0.2,Perfect Communication,w Timestamp,0.7,0.0,DSA_ASY,0.7,9951,8026.0,1.0,8042.5,8026.0,59.0,9275.0,361.0,361.0,16.5,1.0,1.0
9,Random Uniform 0.2,Perfect Communication,w Timestamp,0.7,0.0,DSA_ASY,0.7,9841,7047.0,1.0,7047.0,7047.0,64.0,9096.0,242.0,242.0,0.0,1.0,1.0
10,Random Uniform 0.2,Perfect Communication,w Timestamp,0.7,0.0,DSA_ASY,0.7,9890,7047.0,1.0,7047.0,7047.0,69.0,9743.0,310.0,310.0,0.0,1.0,1.0
11,Random Uniform 0.2,Perfect Communication,w Timestamp,0.7,0.0,DSA_ASY,0.7,9981,6593.0,1.0,6593.0,6593.0,55.0,8317.0,211.0,211.0,0.0,1.0,1.0
12,Random Uniform 0.2,Perfect Communication,w Timestamp,0.7,0.0,DSA_ASY,0.7,9931,6563.0,1.0,6563.0,6563.0,63.0,8831.0,326.0,326.0,0.0,1.0,1.0
13,Random Uniform 0.2,Perfect Communication,w Timestamp,0.7,0.0,DSA_ASY,0.7,9981,6814.0,1.0,6822.0,6814.0,59.0,8290.0,399.0,399.0,8.0,1.0,1.0
14,Random Uniform 0.2,Perfect Communication,w Timestamp,0.7,0.0,DSA_ASY,0.7,9941,6984.0,1.0,6984.0,6984.0,65.0,9989.0,185.0,185.0,0.0,1.0,1.0
15,Random Uniform 0.2,Perfect Communication,w Timestamp,0.7,0.0,DSA_ASY,0.7,9936,6776.0,1.0,6776.0,6776.0,63.0,9139.0,309.0,309.0,0.0,1.0,1.0
16,Random Uniform 0.2,Perfect Communication,w Timestamp,0.7,0.0,DSA_ASY,0.7,9991,5979.0,1.0,5979.0,5979.0,68.0,8765.0,37.0,37.0,0.0,1.0,1.0
17,Random Uniform 0.2,Perfect Communication,w Timestamp,0.7,0.0,DSA_ASY,0.7,9998,6820.0,1.0,6820.0,6820.0,70.0,9937.0,115.0,115.0,0.0,1.0,1.0
18,Random Uniform 0.2,Perfect Communication,w Timestamp,0.7,0.0,DSA_ASY,0.7,9969,7532.0,1.0,7532.0,7532.0,67.0,10047.0,384.0,384.0,0.0,1.0,1.0
19,Random Uniform 0.2,Perfect Communication,w Timestamp,0.7,0.0,DSA_ASY,0.7,9921,6497.0,1.0,6497.0,6497.0,66.0,9480.0,282.0,282.0,0.0,1.0,1.0
20,Random Uniform 0.2,Perfect Communication,w Timestamp,0.7,0.0,DSA_ASY,0.7,9946,6221.0,1.0,6200.0,6221.0,72.0,9715.0,356.0,356.0,21.0,1.0,1.0
21,Random Uniform 0.2,Perfect Communication,w Timestamp,0.7,0.0,DSA_ASY,0.7,9987,6212.0,1.0,6212.0,6212.0,69.0,9465.0,230.0,230.0,0.0,1.0,1.0
22,Random Uniform 0.2,Perfect Communication,w Timestamp,0.7,0.0,DSA_ASY,0.7,9988,7312.0,1.0,7312.0,7312.0,60.0,9620.0,306.0,306.0,0.0,1.0,1.0
23,Random Uniform 0.2,Perfect Communication,w Timestamp,0.7,0.0,DSA_ASY,0.7,9901,7050.0,1.0,7050.0,7050.0,60.0,8832.0,271.0,271.0,0.0,1.0,1.0
24,Random Uniform 0.2,Perfect Communication,w Timestamp,0.7,0.0,DSA_ASY,0.7,9904,7230.0,1.0,7230.0,7230.0,55.0,7940.0,319.0,319.0,0.0,1.0,1.0
25,Random Uniform 0.2,Perfect Communication,w Timestamp,0.7,0.0,DSA_ASY,0.7,9921,6955.0,1.0,6955.0,6955.0,61.0,8921.0,406.0,406.0,0.0,1.0,1.0
26,Random Uniform 0.2,Perfect Communication,w Timestamp,0.7,0.0,DSA_ASY,0.7,9907,6759.0,1.0,6759.0,6759.0,65.0,9575.0,135.0,135.0,0.0,1.0,1.0
27,Random Uniform 0.2,Perfect Communication,w Timestamp,0.7,0.0,DSA_ASY,0.7,9842,7399.0,1.0,7399.0,7399.0,64.0,9268.0,512.0,512.0,0.0,1.0,1.0
28,Random Uniform 0.2,Perfect Communication,w Timestamp,0.7,0.0,DSA_ASY,0.7,9861,6987.0,1.0,6982.5,6987.0,57.0,9093.0,245.0,245.0,4.5,1.0,1.0
29,Random Uniform 0.2,Perfect Communication,w Timestamp,0.7,0.0,DSA_ASY,0.7,9991,7044.0,1.0,7044.0,7044.0,62.0,8957.0,100.0,100.0,0.0,1.0,1.0
30,Random Uniform 0.2,Perfect Communication,w Timestamp,0.7,0.0,DSA_ASY,0.7,9911,6431.0,1.0,6465.5,6431.0,40.0,7636.0,301.0,301.0,34.5,1.0,1.0
31,Random Uniform 0.2,Perfect Communication,w Timestamp,0.7,0.0,DSA_ASY,0.7,9841,7413.0,1.0,7391.0,7413.0,64.0,9648.0,426.0,426.0,22.0,1.0,1.0
32,Random Uniform 0.2,Perfect Communication,w Timestamp,0.7,0.0,DSA_ASY,0.7,9821,6938.0,1.0,7008.0,6938.0,54.0,7957.0,482.0,482.0,70.0,1.0,1.0
33,Random Uniform 0.2,Perfect Communication,w Timestamp,0.7,0.0,DSA_ASY,0.7,9991,6828.0,1.0,6828.0,6828.0,63.0,8887.0,246.0,246.0,0.0,1.0,1.0
34,Random Uniform 0.2,Perfect Communication,w Timestamp,0.7,0.0,DSA_ASY,0.7,9955,6673.0,1.0,6724.0,6673.0,35.0,8412.0,231.0,231.0,51.0,1.0,1.0
35,Random Uniform 0.2,Perfect Communication,w Timestamp,0.7,0.0,DSA_ASY,0.7,9951,5735.0,1.0,5735.0,5735.0,74.0,9184.0,382.0,382.0,0.0,1.0,1.0
36,Random Uniform 0.2,Perfect Communication,w Timestamp,0.7,0.0,DSA_ASY,0.7,9851,7554.0,1.0,7632.5,7554.0,64.0,10098.0,142.0,142.0,78.5,1.0,1.0
37,Random Uniform 0.2,Perfect Communication,w Timestamp,0.7,0.0,DSA_ASY,0.7,9951,6752.0,1.0,6752.0,6752.0,61.0,9394.0,315.0,315.0,0.0,1.0,1.0
38,Random Uniform 0.2,Perfect Communication,w Timestamp,0.7,0.0,DSA_ASY,0.7,9991,6746.0,1.0,6746.0,6746.0,58.0,9495.0,471.0,471.0,0.0,1.0,1.0
39,Random Uniform 0.2,Perfect Communication,w Timestamp,0.7,0.0,DSA_ASY,0.7,9991,7117.0,1.0,7117.0,7117.0,63.0,9483.0,398.0,398.0,0.0,1.0,1.0
40,Random Uniform 0.2,Perfect Communication,w Timestamp,0.7,0.0,DSA_ASY,0.7,9881,6430.0,1.0,6430.0,6430.0,57.0,7624.0,189.0,189.0,0.0,1.0,1.0
41,Random Uniform 0.2,Perfect Communication,w Timestamp,0.7,0.0,DSA_ASY,0.7,9991,7127.0,1.0,7115.5,7127.0,58.0,8772.0,264.0,264.0,11.5,1.0,1.0
42,Random Uniform 0.2,Perfect Communication,w Timestamp,0.7,0.0,DSA_ASY,0.7,9970,6265.0,1.0,6265.0,6265.0,55.0,7226.0,307.0,307.0,0.0,1.0,1.0
43,Random Uniform 0.2,Perfect Communication,w Timestamp,0.7,0.0,DSA_ASY,0.7,9951,6455.0,1.0,6455.0,6455.0,53.0,7603.0,267.0,267.0,0.0,1.0,1.0
44,Random Uniform 0.2,Perfect Communication,w Timestamp,0.7,0.0,DSA_ASY,0.7,9951,5942.0,1.0,5942.0,5942.0,54.0,7716.0,321.0,321.0,0.0,1.0,1.0
45,Random Uniform 0.2,Perfect Communication,w Timestamp,0.7,0.0,DSA_ASY,0.7,9910,6244.0,1.0,6256.0,6244.0,60.0,7691.0,142.0,142.0,12.0,1.0,1.0
46,Random Uniform 0.2,Perfect Communication,w Timestamp,0.7,0.0,DSA_ASY,0.7,9883,6938.0,1.0,6938.0,6938.0,64.0,9289.0,467.0,467.0,0.0,1.0,1.0
47,Random Uniform 0.2,Perfect Communication,w Timestamp,0.7,0.0,DSA_ASY,0.7,9900,6062.0,1.0,6076.5,6062.0,61.0,8438.0,385.0,385.0,14.5,1.0,1.0
48,Random Uniform 0.2,Perfect Communication,w Timestamp,0.7,0.0,DSA_ASY,0.7,9987,7306.0,1.0,7306.0,7306.0,56.0,8183.0,412.0,412.0,0.0,1.0,1.0
49,Random Uniform 0.2,Perfect Communication,w Timestamp,0.7,0.0,DSA_ASY,0.7,9931,7905.0,1.0,7971.0,7905.0,61.0,9601.0,165.0,165.0,66.0,1.0,1.0
50,Random Uniform 0.2,Perfect Communication,w Timestamp,0.7,0.0,DSA_ASY,0.7,9914,7640.0,1.0,7640.0,7640.0,58.0,9667.0,328.0,328.0,0.0,1.0,1.0
0,Random Uniform 0.2,Perfect Communication,w Timestamp,0.9,0.0,DSA_ASY,0.7,9999,9739.0,1.0,3274.5,9447.0,10.0,330.0,558.0,175.0,6464.5,1.0,1.0
1,Random Uniform 0.2,Perfect Communication,w Timestamp,0.9,0.0,DSA_ASY,0.7,9999,10337.0,1.0,4433.0,9758.0,3.0,426.0,135.0,88.0,5904.0,1.0,1.0
2,Random Uniform 0.2,Perfect Communication,w Timestamp,0.9,0.0,DSA_ASY,0.7,9999,10317.0,0.0,1933.0,10083.0,3.0,172.0,257.0,144.0,8384.0,1.0,1.0
3,Random Uniform 0.2,Perfect Communication,w Timestamp,0.9,0.0,DSA_ASY,0.7,9999,9384.0,1.0,4722.5,8813.0,3.0,458.0,564.0,345.0,4661.5,1.0,1.0
4,Random Uniform 0.2,Perfect Communication,w Timestamp,0.9,0.0,DSA_ASY,0.7,9999,9378.0,1.0,1124.0,9378.0,2.0,112.0,488.0,3.0,8254.0,1.0,1.0
5,Random Uniform 0.2,Perfect Communication,w Timestamp,0.9,0.0,DSA_ASY,0.7,9999,11410.0,1.0,1551.5,10972.0,2.0,142.0,377.0,0.0,9858.5,1.0,1.0
6,Random Uniform 0.2,Perfect Communication,w Timestamp,0.9,0.0,DSA_ASY,0.7,9999,9163.0,1.0,2857.0,9031.0,5.0,269.0,236.0,88.0,6306.0,1.0,1.0
7,Random Uniform 0.2,Perfect Communication,w Timestamp,0.9,0.0,DSA_ASY,0.7,9999,9299.0,0.0,4577.5,9227.0,2.0,451.0,290.0,145.0,4721.5,1.0,1.0
8,Random Uniform 0.2,Perfect Communication,w Timestamp,0.9,0.0,DSA_ASY,0.7,9844,9800.0,1.0,8190.0,9681.0,19.0,1267.0,488.0,324.0,1610.0,1.0,1.0
9,Random Uniform 0.2,Perfect Communication,w Timestamp,0.9,0.0,DSA_ASY,0.7,9999,9996.0,0.0,2939.5,9950.0,7.0,262.0,562.0,166.0,7056.5,1.0,1.0
10,Random Uniform 0.2,Perfect Communication,w Timestamp,0.9,0.0,DSA_ASY,0.7,9999,10875.0,1.0,2401.0,10504.0,5.0,192.0,456.0,125.0,8474.0,1.0,1.0
11,Random Uniform 0.2,Perfect Communication,w Timestamp,0.9,0.0,DSA_ASY,0.7,9999,9550.0,0.0,1877.0,9440.0,3.0,155.0,296.0,113.0,7673.0,1.0,1.0
12,Random Uniform 0.2,Perfect Communication,w Timestamp,0.9,0.0,DSA_ASY,0.7,9999,10382.0,0.0,2391.5,9661.0,3.0,213.0,417.0,249.0,7990.5,1.0,1.0
13,Random Uniform 0.2,Perfect Communication,w Timestamp,0.9,0.0,DSA_ASY,0.7,9999,9317.0,1.0,3994.5,9317.0,4.0,387.0,585.0,157.0,5322.5,1.0,1.0
14,Random Uniform 0.2,Perfect Communication,w Timestamp,0.9,0.0,DSA_ASY,0.7,9999,9863.0,1.0,2646.0,9863.0,6.0,250.0,423.0,224.0,7217.0,1.0,1.0
15,Random Uniform 0.2,Perfect Communication,w Timestamp,0.9,0.0,DSA_ASY,0.7,9999,8907.0,1.0,4459.5,8635.0,9.0,486.0,389.0,191.0,4447.5,1.0,1.0
16,Random Uniform 0.2,Perfect Communication,w Timestamp,0.9,0.0,DSA_ASY,0.7,9999,8820.0,0.0,2811.5,8785.0,4.0,234.0,102.0,90.0,6008.5,1.0,1.0
17,Random Uniform 0.2,Perfect Communication,w Timestamp,0.9,0.0,DSA_ASY,0.7,9999,9384.0,1.0,2759.5,9384.0,4.0,261.0,519.0,22.0,6624.5,1.0,1.0
18,Random Uniform 0.2,Perfect Communication,w Timestamp,0.9,0.0,DSA_ASY,0.7,9999,10802.0,1.0,2910.5,10802.0,8.0,282.0,534.0,170.0,7891.5,1.0,1.0
19,Random Uniform 0.2,Perfect Communication,w Timestamp,0.9,0.0,DSA_ASY,0.7,9999,10527.0,0.0,2423.5,10460.0,1.0,185.0,344.0,103.0,8103.5,1.0,1.0
20,Random Uniform 0.2,Perfect Communication,w Timestamp,0.9,0.0,DSA_ASY,0.7,9999,7819.0,1.0,4938.0,7819.0,15.0,657.0,342.0,172.0,2881.0,1.0,1.0
21,Random Uniform 0.2,Perfect Communication,w Timestamp,0.9,0.0,DSA_ASY,0.7,9999,10345.0,1.0,1986.5,10082.0,4.0,171.0,732.0,99.0,8358.5,1.0,1.0
22,Random Uniform 0.2,Perfect Communication,w Timestamp,0.9,0.0,DSA_ASY,0.7,9999,11001.0,0.0,2737.0,10856.0,5.0,238.0,430.0,144.0,8264.0,1.0,1.0
23,Random Uniform 0.2,Perfect Communication,w Timestamp,0.9,0.0,DSA_ASY,0.7,9999,11026.0,1.0,2391.0,10697.0,2.0,188.0,593.0,215.0,8635.0,1.0,1.0
24,Random Uniform 0.2,Perfect Communication,w Timestamp,0.9,0.0,DSA_ASY,0.7,9999,10195.0,1.0,2461.5,10195.0,5.0,211.0,335.0,94.0,7733.5,1.0,1.0
25,Random Uniform 0.2,Perfect Communication,w Timestamp,0.9,0.0,DSA_ASY,0.7,9999,9131.0,1.0,7552.0,9091.0,32.0,1298.0,423.0,464.0,1579.0,1.0,1.0
26,Random Uniform 0.2,Perfect Communication,w Timestamp,0.9,0.0,DSA_ASY,0.7,9999,9837.0,0.0,3301.0,9372.0,2.0,300.0,263.0,110.0,6536.0,1.0,1.0
27,Random Uniform 0.2,Perfect Communication,w Timestamp,0.9,0.0,DSA_ASY,0.7,9999,10038.0,1.0,5489.0,9807.0,14.0,615.0,455.0,267.0,4549.0,1.0,1.0
28,Random Uniform 0.2,Perfect Communication,w Timestamp,0.9,0.0,DSA_ASY,0.7,9999,9752.0,1.0,4409.5,9752.0,4.0,458.0,460.0,242.0,5342.5,1.0,1.0
29,Random Uniform 0.2,Perfect Communication,w Timestamp,0.9,0.0,DSA_ASY,0.7,9999,9220.0,1.0,3941.5,9220.0,6.0,364.0,401.0,188.0,5278.5,1.0,1.0
30,Random Uniform 0.2,Perfect Communication,w Timestamp,0.9,0.0,DSA_ASY,0.7,9999,10529.0,1.0,2482.5,10365.0,2.0,191.0,453.0,0.0,8046.5,1.0,1.0
31,Random Uniform 0.2,Perfect Communication,w Timestamp,0.9,0.0,DSA_ASY,0.7,9999,11471.0,1.0,3377.0,11135.0,8.0,318.0,592.0,211.0,8094.0,1.0,1.0
32,Random Uniform 0.2,Perfect Communication,w Timestamp,0.9,0.0,DSA_ASY,0.7,9999,8840.0,1.0,4769.5,8804.0,9.0,496.0,602.0,388.0,4070.5,1.0,1.0
33,Random Uniform 0.2,Perfect Communication,w Timestamp,0.9,0.0,DSA_ASY,0.7,9999,10108.0,1.0,2766.0,9790.0,4.0,245.0,520.0,175.0,7342.0,1.0,1.0
34,Random Uniform 0.2,Perfect Communication,w Timestamp,0.9,0.0,DSA_ASY,0.7,9999,10267.0,1.0,2805.0,10267.0,2.0,247.0,282.0,54.0,7462.0,1.0,1.0
35,Random Uniform 0.2,Perfect Communication,w Timestamp,0.9,0.0,DSA_ASY,0.7,9999,9318.0,1.0,1935.0,9318.0,4.0,167.0,464.0,66.0,7383.0,1.0,1.0
36,Random Uniform 0.2,Perfect Communication,w Timestamp,0.9,0.0,DSA_ASY,0.7,9999,9867.0,1.0,7062.5,9867.0,12.0,848.0,221.0,111.0,2804.5,1.0,1.0
37,Random Uniform 0.2,Perfect Communication,w Timestamp,0.9,0.0,DSA_ASY,0.7,9999,9721.0,1.0,3239.5,9721.0,4.0,287.0,491.0,120.0,6481.5,1.0,1.0
38,Random Uniform 0.2,Perfect Communication,w Timestamp,0.9,0.0,DSA_ASY,0.7,9999,9941.0,1.0,3295.0,9941.0,5.0,303.0,591.0,263.0,6646.0,1.0,1.0
39,Random Uniform 0.2,Perfect Communication,w Timestamp,0.9,0.0,DSA_ASY,0.7,9899,8575.0,1.0,7641.0,8526.0,19.0,1309.0,382.0,355.0,934.0,1.0,1.0
40,Random Uniform 0.2,Perfect Communication,w Timestamp,0.9,0.0,DSA_ASY,0.7,9999,9916.0,1.0,2436.5,9596.0,4.0,207.0,379.0,95.0,7479.5,1.0,1.0
41,Random Uniform 0.2,Perfect Communication,w Timestamp,0.9,0.0,DSA_ASY,0.7,9999,10815.0,1.0,2737.5,10397.0,4.0,221.0,370.0,32.0,8077.5,1.0,1.0
42,Random Uniform 0.2,Perfect Communication,w Timestamp,0.9,0.0,DSA_ASY,0.7,9999,9107.0,0.0,3767.5,8762.0,11.0,366.0,486.0,144.0,5339.5,1.0,1.0
43,Random Uniform 0.2,Perfect Communication,w Timestamp,0.9,0.0,DSA_ASY,0.7,9999,9341.0,1.0,2620.5,9178.0,3.0,210.0,290.0,38.0,6720.5,1.0,1.0
44,Random Uniform 0.2,Perfect Communication,w Timestamp,0.9,0.0,DSA_ASY,0.7,9999,8630.0,0.0,3722.5,8524.0,3.0,378.0,544.0,61.0,4907.5,1.0,1.0
45,Random Uniform 0.2,Perfect Communication,w Timestamp,0.9,0.0,DSA_ASY,0.7,9999,9261.0,1.0,3032.5,9261.0,10.0,273.0,195.0,30.0,6228.5,1.0,1.0
46,Random Uniform 0.2,Perfect Communication,w Timestamp,0.9,0.0,DSA_ASY,0.7,9999,9492.0,1.0,4589.0,9416.0,8.0,479.0,539.0,220.0,4903.0,1.0,1.0
47,Random Uniform 0.2,Perfect Communication,w Timestamp,0.9,0.0,DSA_ASY,0.7,9999,10211.0,1.0,3368.5,10026.0,5.0,300.0,510.0,221.0,6842.5,1.0,1.0
48,Random Uniform 0.2,Perfect Communication,w Timestamp,0.9,0.0,DSA_ASY,0.7,9999,9228.0,1.0,4701.5,9018.0,5.0,507.0,382.0,205.0,4526.5,1.0,1.0
49,Random Uniform 0.2,Perfect Communication,w Timestamp,0.9,0.0,DSA_ASY,0.7,9999,10892.0,1.0,7349.5,10225.0,26.0,950.0,418.0,227.0,3542.5,1.0,1.0
50,Random Uniform 0.2,Perfect Communication,w Timestamp,0.9,0.0,DSA_ASY,0.7,9949,8696.0,0.0,7716.0,8492.0,20.0,1553.0,210.0,336.0,980.0,1.0,1.0
0,Random Uniform 0.2,Perfect Communication,w Timestamp,0.0,0.0,DSA_ASY,0.7,9940,6821.0,1.0,6821.0,6821.0,36.0,19705.0,394.0,394.0,0.0,1.0,1.0
1,Random Uniform 0.2,Perfect Communication,w Timestamp,0.0,0.0,DSA_ASY,0.7,9861,6756.0,1.0,6756.0,6756.0,59.0,29103.0,79.0,79.0,0.0,1.0,1.0
2,Random Uniform 0.2,Perfect Communication,w Timestamp,0.0,0.0,DSA_ASY,0.7,9958,6950.0,1.0,6950.0,6950.0,63.0,30240.0,234.0,234.0,0.0,1.0,1.0
3,Random Uniform 0.2,Perfect Communication,w Timestamp,0.0,0.0,DSA_ASY,0.7,9881,5986.0,1.0,5986.0,5986.0,62.0,28024.0,312.0,312.0,0.0,1.0,1.0
4,Random Uniform 0.2,Perfect Communication,w Timestamp,0.0,0.0,DSA_ASY,0.7,9911,5949.0,1.0,5949.0,5949.0,71.0,30956.0,312.0,312.0,0.0,1.0,1.0
5,Random Uniform 0.2,Perfect Communication,w Timestamp,0.0,0.0,DSA_ASY,0.7,9921,6986.0,1.0,6986.0,6986.0,65.0,33508.0,219.0,219.0,0.0,1.0,1.0
6,Random Uniform 0.2,Perfect Communication,w Timestamp,0.0,0.0,DSA_ASY,0.7,9901,6988.0,1.0,6988.0,6988.0,56.0,26320.0,139.0,139.0,0.0,1.0,1.0
7,Random Uniform 0.2,Perfect Communication,w Timestamp,0.0,0.0,DSA_ASY,0.7,9969,7189.0,1.0,7189.0,7189.0,63.0,31216.0,329.0,329.0,0.0,1.0,1.0
8,Random Uniform 0.2,Perfect Communication,w Timestamp,0.0,0.0,DSA_ASY,0.7,9970,7902.0,1.0,7902.0,7902.0,56.0,30016.0,274.0,274.0,0.0,1.0,1.0
9,Random Uniform 0.2,Perfect Communication,w Timestamp,0.0,0.0,DSA_ASY,0.7,9846,6729.0,1.0,6729.0,6729.0,61.0,29871.0,200.0,200.0,0.0,1.0,1.0
10,Random Uniform 0.2,Perfect Communication,w Timestamp,0.0,0.0,DSA_ASY,0.7,9883,6712.0,1.0,6712.0,6712.0,66.0,32460.0,224.0,224.0,0.0,1.0,1.0
11,Random Uniform 0.2,Perfect Communication,w Timestamp,0.0,0.0,DSA_ASY,0.7,9897,6521.0,1.0,6521.0,6521.0,59.0,27848.0,265.0,265.0,0.0,1.0,1.0
12,Random Uniform 0.2,Perfect Communication,w Timestamp,0.0,0.0,DSA_ASY,0.7,9930,6550.0,1.0,6550.0,6550.0,63.0,29610.0,366.0,366.0,0.0,1.0,1.0
13,Random Uniform 0.2,Perfect Communication,w Timestamp,0.0,0.0,DSA_ASY,0.7,9861,6718.0,1.0,6718.0,6718.0,59.0,28320.0,431.0,431.0,0.0,1.0,1.0
14,Random Uniform 0.2,Perfect Communication,w Timestamp,0.0,0.0,DSA_ASY,0.7,9968,6906.0,1.0,6906.0,6906.0,66.0,33096.0,270.0,270.0,0.0,1.0,1.0
15,Random Uniform 0.2,Perfect Communication,w Timestamp,0.0,0.0,DSA_ASY,0.7,9819,6885.0,1.0,6885.0,6885.0,62.0,29985.0,324.0,324.0,0.0,1.0,1.0
16,Random Uniform 0.2,Perfect Communication,w Timestamp,0.0,0.0,DSA_ASY,0.7,9868,5816.0,1.0,5816.0,5816.0,66.0,29304.0,37.0,37.0,0.0,1.0,1.0
17,Random Uniform 0.2,Perfect Communication,w Timestamp,0.0,0.0,DSA_ASY,0.7,9815,6461.0,1.0,6461.0,6461.0,65.0,31970.0,151.0,151.0,0.0,1.0,1.0
18,Random Uniform 0.2,Perfect Communication,w Timestamp,0.0,0.0,DSA_ASY,0.7,9901,7573.0,1.0,7573.0,7573.0,64.0,33024.0,270.0,270.0,0.0,1.0,1.0
19,Random Uniform 0.2,Perfect Communication,w Timestamp,0.0,0.0,DSA_ASY,0.7,9967,7113.0,1.0,7113.0,7113.0,67.0,32294.0,231.0,231.0,0.0,1.0,1.0
20,Random Uniform 0.2,Perfect Communication,w Timestamp,0.0,0.0,DSA_ASY,0.7,9955,6294.0,1.0,6294.0,6294.0,69.0,31725.0,413.0,413.0,0.0,1.0,1.0
21,Random Uniform 0.2,Perfect Communication,w Timestamp,0.0,0.0,DSA_ASY,0.7,9948,6418.0,1.0,6418.0,6418.0,71.0,32518.0,340.0,340.0,0.0,1.0,1.0
22,Random Uniform 0.2,Perfect Communication,w Timestamp,0.0,0.0,DSA_ASY,0.7,9921,7393.0,1.0,7393.0,7393.0,63.0,32382.0,230.0,230.0,0.0,1.0,1.0
23,Random Uniform 0.2,Perfect Communication,w Timestamp,0.0,0.0,DSA_ASY,0.7,9961,6814.0,1.0,6814.0,6814.0,59.0,29500.0,241.0,241.0,0.0,1.0,1.0
24,Random Uniform 0.2,Perfect Communication,w Timestamp,0.0,0.0,DSA_ASY,0.7,9976,7195.0,1.0,7195.0,7195.0,56.0,27328.0,228.0,228.0,0.0,1.0,1.0
25,Random Uniform 0.2,Perfect Communication,w Timestamp,0.0,0.0,DSA_ASY,0.7,9970,6815.0,1.0,6815.0,6815.0,59.0,30208.0,321.0,321.0,0.0,1.0,1.0
26,Random Uniform 0.2,Perfect Communication,w Timestamp,0.0,0.0,DSA_ASY,0.7,9851,6646.0,1.0,6646.0,6646.0,66.0,31766.0,147.0,147.0,0.0,1.0,1.0
27,Random Uniform 0.2,Perfect Communication,w Timestamp,0.0,0.0,DSA_ASY,0.7,9973,6897.0,1.0,6897.0,6897.0,61.0,30988.0,269.0,269.0,0.0,1.0,1.0
28,Random Uniform 0.2,Perfect Communication,w Timestamp,0.0,0.0,DSA_ASY,0.7,9870,7085.0,1.0,7085.0,7085.0,62.0,30119.0,234.0,234.0,0.0,1.0,1.0
29,Random Uniform 0.2,Perfect Communication,w Timestamp,0.0,0.0,DSA_ASY,0.7,9973,7238.0,1.0,7238.0,7238.0,59.0,29618.0,161.0,161.0,0.0,1.0,1.0
30,Random Uniform 0.2,Perfect Communication,w Timestamp,0.0,0.0,DSA_ASY,0.7,9887,6924.0,1.0,6924.0,6924.0,53.0,25440.0,369.0,369.0,0.0,1.0,1.0
31,Random Uniform 0.2,Perfect Communication,w Timestamp,0.0,0.0,DSA_ASY,0.7,9923,7227.0,1.0,7227.0,7227.0,62.0,32240.0,410.0,410.0,0.0,1.0,1.0
32,Random Uniform 0.2,Perfect Communication,w Timestamp,0.0,0.0,DSA_ASY,0.7,9901,7022.0,1.0,7022.0,7022.0,56.0,26992.0,554.0,554.0,0.0,1.0,1.0
33,Random Uniform 0.2,Perfect Communication,w Timestamp,0.0,0.0,DSA_ASY,0.7,9921,6778.0,1.0,6778.0,6778.0,63.0,29972.0,398.0,398.0,0.0,1.0,1.0
34,Random Uniform 0.2,Perfect Communication,w Timestamp,0.0,0.0,DSA_ASY,0.7,9857,7063.0,1.0,7063.0,7063.0,58.0,28536.0,333.0,333.0,0.0,1.0,1.0
35,Random Uniform 0.2,Perfect Communication,w Timestamp,0.0,0.0,DSA_ASY,0.7,9941,5979.0,1.0,5979.0,5979.0,72.0,31104.0,273.0,273.0,0.0,1.0,1.0
36,Random Uniform 0.2,Perfect Communication,w Timestamp,0.0,0.0,DSA_ASY,0.7,9897,7944.0,1.0,7944.0,7944.0,62.0,33093.0,141.0,141.0,0.0,1.0,1.0
37,Random Uniform 0.2,Perfect Communication,w Timestamp,0.0,0.0,DSA_ASY,0.7,9981,6846.0,1.0,6846.0,6846.0,63.0,30870.0,235.0,235.0,0.0,1.0,1.0
38,Random Uniform 0.2,Perfect Communication,w Timestamp,0.0,0.0,DSA_ASY,0.7,9994,6912.0,1.0,6912.0,6912.0,67.0,32160.0,477.0,477.0,0.0,1.0,1.0
39,Random Uniform 0.2,Perfect Communication,w Timestamp,0.0,0.0,DSA_ASY,0.7,9985,7382.0,1.0,7382.0,7382.0,63.0,31878.0,266.0,266.0,0.0,1.0,1.0
40,Random Uniform 0.2,Perfect Communication,w Timestamp,0.0,0.0,DSA_ASY,0.7,9984,6723.0,1.0,6723.0,6723.0,56.0,26067.0,128.0,128.0,0.0,1.0,1.0
41,Random Uniform 0.2,Perfect Communication,w Timestamp,0.0,0.0,DSA_ASY,0.7,9921,6990.0,1.0,6990.0,6990.0,58.0,28522.0,284.0,284.0,0.0,1.0,1.0
42,Random Uniform 0.2,Perfect Communication,w Timestamp,0.0,0.0,DSA_ASY,0.7,9881,6764.0,1.0,6764.0,6764.0,53.0,24229.0,349.0,349.0,0.0,1.0,1.0
43,Random Uniform 0.2,Perfect Communication,w Timestamp,0.0,0.0,DSA_ASY,0.7,9831,6290.0,1.0,6290.0,6290.0,54.0,24396.0,136.0,136.0,0.0,1.0,1.0
44,Random Uniform 0.2,Perfect Communication,w Timestamp,0.0,0.0,DSA_ASY,0.7,9868,5732.0,1.0,5715.5,5732.0,58.0,25848.0,262.0,262.0,16.5,1.0,1.0
45,Random Uniform 0.2,Perfect Communication,w Timestamp,0.0,0.0,DSA_ASY,0.7,9924,6161.0,1.0,6161.0,6161.0,59.0,26090.0,140.0,140.0,0.0,1.0,1.0
46,Random Uniform 0.2,Perfect Communication,w Timestamp,0.0,0.0,DSA_ASY,0.7,9893,7051.0,1.0,7051.0,7051.0,66.0,32424.0,420.0,420.0,0.0,1.0,1.0
47,Random Uniform 0.2,Perfect Communication,w Timestamp,0.0,0.0,DSA_ASY,0.7,9921,6189.0,1.0,6189.0,6189.0,63.0,28980.0,346.0,346.0,0.0,1.0,1.0
48,Random Uniform 0.2,Perfect Communication,w Timestamp,0.0,0.0,DSA_ASY,0.7,9884,7466.0,1.0,7466.0,7466.0,66.0,33465.0,275.0,275.0,0.0,1.0,1.0
49,Random Uniform 0.2,Perfect Communication,w Timestamp,0.0,0.0,DSA_ASY,0.7,9901,7702.0,1.0,7702.0,7702.0,59.0,31467.0,256.0,256.0,0.0,1.0,1.0
50,Random Uniform 0.2,Perfect Communication,w Timestamp,0.0,0.0,DSA_ASY,0.7,9844,7607.0,1.0,7607.0,7607.0,57.0,30894.0,326.0,326.0,0.0,1.0,1.0
0,Random Uniform 0.2,Perfect Communication,w Timestamp,0.2,0.0,DSA_ASY,0.7,9901,6587.0,1.0,6587.0,6587.0,67.0,25783.0,304.0,304.0,0.0,1.0,1.0
1,Random Uniform 0.2,Perfect Communication,w Timestamp,0.2,0.0,DSA_ASY,0.7,9931,6952.0,1.0,6952.0,6952.0,60.0,23706.0,124.0,124.0,0.0,1.0,1.0
2,Random Uniform 0.2,Perfect Communication,w Timestamp,0.2,0.0,DSA_ASY,0.7,9996,6636.0,1.0,6636.0,6636.0,61.0,23494.0,198.0,198.0,0.0,1.0,1.0
3,Random Uniform 0.2,Perfect Communication,w Timestamp,0.2,0.0,DSA_ASY,0.7,9763,6075.0,1.0,6075.0,6075.0,62.0,22478.0,262.0,262.0,0.0,1.0,1.0
4,Random Uniform 0.2,Perfect Communication,w Timestamp,0.2,0.0,DSA_ASY,0.7,9980,5635.0,1.0,5635.0,5635.0,71.0,24898.0,316.0,316.0,0.0,1.0,1.0
5,Random Uniform 0.2,Perfect Communication,w Timestamp,0.2,0.0,DSA_ASY,0.7,9968,7950.0,1.0,7950.0,7950.0,66.0,27235.0,244.0,244.0,0.0,1.0,1.0
6,Random Uniform 0.2,Perfect Communication,w Timestamp,0.2,0.0,DSA_ASY,0.7,9871,6810.0,1.0,6810.0,6810.0,56.0,21043.0,152.0,152.0,0.0,1.0,1.0
7,Random Uniform 0.2,Perfect Communication,w Timestamp,0.2,0.0,DSA_ASY,0.7,9984,7079.0,1.0,7079.0,7079.0,63.0,24961.0,240.0,240.0,0.0,1.0,1.0
8,Random Uniform 0.2,Perfect Communication,w Timestamp,0.2,0.0,DSA_ASY,0.7,9891,7681.0,1.0,7674.0,7681.0,56.0,23933.0,187.0,187.0,7.0,1.0,1.0
9,Random Uniform 0.2,Perfect Communication,w Timestamp,0.2,0.0,DSA_ASY,0.7,9989,6788.0,1.0,6788.0,6788.0,63.0,24640.0,200.0,200.0,0.0,1.0,1.0
10,Random Uniform 0.2,Perfect Communication,w Timestamp,0.2,0.0,DSA_ASY,0.7,9910,6772.0,1.0,6772.0,6772.0,67.0,26315.0,216.0,216.0,0.0,1.0,1.0
11,Random Uniform 0.2,Perfect Communication,w Timestamp,0.2,0.0,DSA_ASY,0.7,9946,6576.0,1.0,6576.0,6562.0,58.0,21939.0,203.0,203.0,0.0,1.0,1.0
12,Random Uniform 0.2,Perfect Communication,w Timestamp,0.2,0.0,DSA_ASY,0.7,9908,6631.0,1.0,6631.0,6631.0,63.0,23805.0,308.0,308.0,0.0,1.0,1.0
13,Random Uniform 0.2,Perfect Communication,w Timestamp,0.2,0.0,DSA_ASY,0.7,9861,6687.0,1.0,6687.0,6687.0,59.0,22693.0,356.0,356.0,0.0,1.0,1.0
14,Random Uniform 0.2,Perfect Communication,w Timestamp,0.2,0.0,DSA_ASY,0.7,9879,6957.0,1.0,6957.0,6957.0,66.0,26560.0,228.0,228.0,0.0,1.0,1.0
15,Random Uniform 0.2,Perfect Communication,w Timestamp,0.2,0.0,DSA_ASY,0.7,9887,6883.0,1.0,6883.0,6883.0,63.0,24397.0,264.0,264.0,0.0,1.0,1.0
16,Random Uniform 0.2,Perfect Communication,w Timestamp,0.2,0.0,DSA_ASY,0.7,9983,6308.0,1.0,6308.0,6308.0,67.0,23848.0,37.0,37.0,0.0,1.0,1.0
17,Random Uniform 0.2,Perfect Communication,w Timestamp,0.2,0.0,DSA_ASY,0.7,9905,7021.0,1.0,7021.0,7021.0,66.0,25939.0,99.0,99.0,0.0,1.0,1.0
18,Random Uniform 0.2,Perfect Communication,w Timestamp,0.2,0.0,DSA_ASY,0.7,9881,7517.0,1.0,7502.0,7517.0,65.0,26811.0,295.0,295.0,15.0,1.0,1.0
19,Random Uniform 0.2,Perfect Communication,w Timestamp,0.2,0.0,DSA_ASY,0.7,9871,6766.0,1.0,6766.0,6766.0,67.0,25785.0,252.0,252.0,0.0,1.0,1.0
20,Random Uniform 0.2,Perfect Communication,w Timestamp,0.2,0.0,DSA_ASY,0.7,9975,6233.0,1.0,6233.0,6233.0,72.0,26389.0,399.0,399.0,0.0,1.0,1.0
21,Random Uniform 0.2,Perfect Communication,w Timestamp,0.2,0.0,DSA_ASY,0.7,9916,6367.0,1.0,6367.0,6367.0,72.0,26435.0,335.0,335.0,0.0,1.0,1.0
22,Random Uniform 0.2,Perfect Communication,w Timestamp,0.2,0.0,DSA_ASY,0.7,9882,7047.0,1.0,7047.0,7047.0,63.0,25955.0,285.0,285.0,0.0,1.0,1.0
23,Random Uniform 0.2,Perfect Communication,w Timestamp,0.2,0.0,DSA_ASY,0.7,9961,6983.0,1.0,6983.0,6983.0,58.0,23182.0,312.0,312.0,0.0,1.0,1.0
24,Random Uniform 0.2,Perfect Communication,w Timestamp,0.2,0.0,DSA_ASY,0.7,9982,7063.0,1.0,7063.0,7063.0,56.0,21874.0,322.0,322.0,0.0,1.0,1.0
25,Random Uniform 0.2,Perfect Communication,w Timestamp,0.2,0.0,DSA_ASY,0.7,9831,7411.0,1.0,7411.0,7411.0,59.0,24071.0,403.0,403.0,0.0,1.0,1.0
26,Random Uniform 0.2,Perfect Communication,w Timestamp,0.2,0.0,DSA_ASY,0.7,9689,6724.0,1.0,6724.0,6724.0,64.0,24665.0,185.0,185.0,0.0,1.0,1.0
27,Random Uniform 0.2,Perfect Communication,w Timestamp,0.2,0.0,DSA_ASY,0.7,9881,6876.0,1.0,6876.0,6876.0,63.0,25702.0,371.0,371.0,0.0,1.0,1.0
28,Random Uniform 0.2,Perfect Communication,w Timestamp,0.2,0.0,DSA_ASY,0.7,9912,6797.0,1.0,6797.0,6797.0,61.0,23832.0,261.0,261.0,0.0,1.0,1.0
29,Random Uniform 0.2,Perfect Communication,w Timestamp,0.2,0.0,DSA_ASY,0.7,9971,7220.0,1.0,7220.0,7220.0,60.0,24054.0,233.0,233.0,0.0,1.0,1.0
30,Random Uniform 0.2,Perfect Communication,w Timestamp,0.2,0.0,DSA_ASY,0.7,9821,6774.0,1.0,6774.0,6774.0,53.0,20412.0,291.0,291.0,0.0,1.0,1.0
31,Random Uniform 0.2,Perfect Communication,w Timestamp,0.2,0.0,DSA_ASY,0.7,9882,7218.0,1.0,7218.0,7218.0,59.0,24092.0,495.0,495.0,0.0,1.0,1.0
32,Random Uniform 0.2,Perfect Communication,w Timestamp,0.2,0.0,DSA_ASY,0.7,9865,6948.0,1.0,6948.0,6948.0,56.0,21586.0,471.0,471.0,0.0,1.0,1.0
33,Random Uniform 0.2,Perfect Communication,w Timestamp,0.2,0.0,DSA_ASY,0.7,9871,6754.0,1.0,6754.0,6754.0,63.0,24044.0,245.0,245.0,0.0,1.0,1.0
34,Random Uniform 0.2,Perfect Communication,w Timestamp,0.2,0.0,DSA_ASY,0.7,9971,6846.0,1.0,6846.0,6846.0,60.0,23695.0,141.0,141.0,0.0,1.0,1.0
35,Random Uniform 0.2,Perfect Communication,w Timestamp,0.2,0.0,DSA_ASY,0.7,9931,5786.0,1.0,5786.0,5786.0,71.0,24671.0,235.0,235.0,0.0,1.0,1.0
36,Random Uniform 0.2,Perfect Communication,w Timestamp,0.2,0.0,DSA_ASY,0.7,9958,7581.0,1.0,7581.0,7581.0,63.0,27072.0,197.0,197.0,0.0,1.0,1.0
37,Random Uniform 0.2,Perfect Communication,w Timestamp,0.2,0.0,DSA_ASY,0.7,9933,7071.0,1.0,7071.0,7071.0,60.0,24517.0,230.0,230.0,0.0,1.0,1.0
38,Random Uniform 0.2,Perfect Communication,w Timestamp,0.2,0.0,DSA_ASY,0.7,9978,6730.0,1.0,6730.0,6730.0,67.0,25300.0,469.0,469.0,0.0,1.0,1.0
39,Random Uniform 0.2,Perfect Communication,w Timestamp,0.2,0.0,DSA_ASY,0.7,9939,7211.0,1.0,7211.0,7211.0,62.0,25166.0,441.0,441.0,0.0,1.0,1.0
40,Random Uniform 0.2,Perfect Communication,w Timestamp,0.2,0.0,DSA_ASY,0.7,9914,6565.0,1.0,6565.0,6565.0,56.0,20728.0,174.0,174.0,0.0,1.0,1.0
41,Random Uniform 0.2,Perfect Communication,w Timestamp,0.2,0.0,DSA_ASY,0.7,9991,7025.0,1.0,7025.0,7025.0,60.0,23670.0,108.0,108.0,0.0,1.0,1.0
42,Random Uniform 0.2,Perfect Communication,w Timestamp,0.2,0.0,DSA_ASY,0.7,9839,6249.0,1.0,6249.0,6249.0,52.0,19242.0,322.0,322.0,0.0,1.0,1.0
43,Random Uniform 0.2,Perfect Communication,w Timestamp,0.2,0.0,DSA_ASY,0.7,9927,6371.0,1.0,6371.0,6371.0,56.0,20444.0,252.0,252.0,0.0,1.0,1.0
44,Random Uniform 0.2,Perfect Communication,w Timestamp,0.2,0.0,DSA_ASY,0.7,9991,6009.0,1.0,6009.0,6009.0,60.0,21392.0,327.0,327.0,0.0,1.0,1.0
45,Random Uniform 0.2,Perfect Communication,w Timestamp,0.2,0.0,DSA_ASY,0.7,9991,6480.0,1.0,6480.0,6480.0,60.0,21714.0,135.0,135.0,0.0,1.0,1.0
46,Random Uniform 0.2,Perfect Communication,w Timestamp,0.2,0.0,DSA_ASY,0.7,9953,6737.0,1.0,6737.0,6737.0,67.0,26213.0,547.0,547.0,0.0,1.0,1.0
47,Random Uniform 0.2,Perfect Communication,w Timestamp,0.2,0.0,DSA_ASY,0.7,9881,6337.0,1.0,6337.0,6337.0,61.0,22493.0,327.0,327.0,0.0,1.0,1.0
48,Random Uniform 0.2,Perfect Communication,w Timestamp,0.2,0.0,DSA_ASY,0.7,9861,7033.0,1.0,7033.0,6993.0,67.0,27060.0,418.0,418.0,0.0,1.0,1.0
49,Random Uniform 0.2,Perfect Communication,w Timestamp,0.2,0.0,DSA_ASY,0.7,9848,8079.0,1.0,8079.0,8079.0,59.0,25385.0,233.0,233.0,0.0,1.0,1.0
50,Random Uniform 0.2,Perfect Communication,w Timestamp,0.2,0.0,DSA_ASY,0.7,9941,7733.0,1.0,7733.0,7733.0,59.0,25547.0,358.0,358.0,0.0,1.0,1.0
0,Random Uniform 0.2,Perfect Communication,w Timestamp,0.3,0.0,DSA_ASY,0.7,9828,6885.0,1.0,6885.0,6885.0,65.0,14470.0,399.0,399.0,0.0,1.0,1.0
1,Random Uniform 0.2,Perfect Communication,w Timestamp,0.3,0.0,DSA_ASY,0.7,9832,7022.0,1.0,6996.5,7022.0,59.0,20366.0,185.0,185.0,25.5,1.0,1.0
2,Random Uniform 0.2,Perfect Communication,w Timestamp,0.3,0.0,DSA_ASY,0.7,9797,6479.0,1.0,6479.0,6479.0,63.0,21107.0,201.0,201.0,0.0,1.0,1.0
3,Random Uniform 0.2,Perfect Communication,w Timestamp,0.3,0.0,DSA_ASY,0.7,9993,5996.0,1.0,5996.0,5996.0,62.0,19672.0,239.0,239.0,0.0,1.0,1.0
4,Random Uniform 0.2,Perfect Communication,w Timestamp,0.3,0.0,DSA_ASY,0.7,9998,5416.0,1.0,5416.0,5416.0,71.0,21811.0,305.0,305.0,0.0,1.0,1.0
5,Random Uniform 0.2,Perfect Communication,w Timestamp,0.3,0.0,DSA_ASY,0.7,9909,7510.0,1.0,7510.0,7510.0,66.0,23834.0,233.0,233.0,0.0,1.0,1.0
6,Random Uniform 0.2,Perfect Communication,w Timestamp,0.3,0.0,DSA_ASY,0.7,9841,6767.0,1.0,6767.0,6767.0,56.0,18402.0,142.0,142.0,0.0,1.0,1.0
7,Random Uniform 0.2,Perfect Communication,w Timestamp,0.3,0.0,DSA_ASY,0.7,9891,7384.0,1.0,7368.5,7384.0,59.0,20449.0,274.0,274.0,15.5,1.0,1.0
8,Random Uniform 0.2,Perfect Communication,w Timestamp,0.3,0.0,DSA_ASY,0.7,9864,7813.0,1.0,7813.0,7813.0,56.0,20991.0,237.0,237.0,0.0,1.0,1.0
9,Random Uniform 0.2,Perfect Communication,w Timestamp,0.3,0.0,DSA_ASY,0.7,9901,6823.0,1.0,6823.0,6823.0,63.0,21567.0,197.0,197.0,0.0,1.0,1.0
10,Random Uniform 0.2,Perfect Communication,w Timestamp,0.3,0.0,DSA_ASY,0.7,9913,6708.0,1.0,6708.0,6708.0,67.0,23065.0,223.0,223.0,0.0,1.0,1.0
11,Random Uniform 0.2,Perfect Communication,w Timestamp,0.3,0.0,DSA_ASY,0.7,9957,6660.0,1.0,6660.0,6660.0,59.0,19543.0,233.0,233.0,0.0,1.0,1.0
12,Random Uniform 0.2,Perfect Communication,w Timestamp,0.3,0.0,DSA_ASY,0.7,9909,6762.0,1.0,6762.0,6762.0,63.0,20863.0,371.0,371.0,0.0,1.0,1.0
13,Random Uniform 0.2,Perfect Communication,w Timestamp,0.3,0.0,DSA_ASY,0.7,9941,6844.0,1.0,6844.0,6844.0,60.0,19924.0,374.0,374.0,0.0,1.0,1.0
14,Random Uniform 0.2,Perfect Communication,w Timestamp,0.3,0.0,DSA_ASY,0.7,9994,6686.0,1.0,6686.0,6686.0,66.0,23197.0,122.0,122.0,0.0,1.0,1.0
15,Random Uniform 0.2,Perfect Communication,w Timestamp,0.3,0.0,DSA_ASY,0.7,9943,6897.0,1.0,6897.0,6897.0,63.0,21287.0,302.0,302.0,0.0,1.0,1.0
16,Random Uniform 0.2,Perfect Communication,w Timestamp,0.3,0.0,DSA_ASY,0.7,9947,6153.0,1.0,6153.0,6153.0,67.0,20871.0,37.0,37.0,0.0,1.0,1.0
17,Random Uniform 0.2,Perfect Communication,w Timestamp,0.3,0.0,DSA_ASY,0.7,9850,7030.0,1.0,7030.0,7030.0,66.0,22833.0,175.0,175.0,0.0,1.0,1.0
18,Random Uniform 0.2,Perfect Communication,w Timestamp,0.3,0.0,DSA_ASY,0.7,9954,7528.0,1.0,7528.0,7528.0,67.0,24193.0,344.0,344.0,0.0,1.0,1.0
19,Random Uniform 0.2,Perfect Communication,w Timestamp,0.3,0.0,DSA_ASY,0.7,9977,6975.0,1.0,6975.0,6975.0,67.0,22430.0,332.0,332.0,0.0,1.0,1.0
20,Random Uniform 0.2,Perfect Communication,w Timestamp,0.3,0.0,DSA_ASY,0.7,9870,5966.0,1.0,5966.0,5966.0,67.0,21820.0,308.0,308.0,0.0,1.0,1.0
21,Random Uniform 0.2,Perfect Communication,w Timestamp,0.3,0.0,DSA_ASY,0.7,9936,6215.0,1.0,6215.0,6215.0,71.0,22746.0,330.0,330.0,0.0,1.0,1.0
22,Random Uniform 0.2,Perfect Communication,w Timestamp,0.3,0.0,DSA_ASY,0.7,9861,7457.0,1.0,7457.0,7457.0,63.0,22690.0,256.0,256.0,0.0,1.0,1.0
23,Random Uniform 0.2,Perfect Communication,w Timestamp,0.3,0.0,DSA_ASY,0.7,9912,6986.0,1.0,6986.0,6986.0,59.0,20577.0,326.0,326.0,0.0,1.0,1.0
24,Random Uniform 0.2,Perfect Communication,w Timestamp,0.3,0.0,DSA_ASY,0.7,9910,6973.0,1.0,6973.0,6973.0,54.0,18438.0,365.0,365.0,0.0,1.0,1.0
25,Random Uniform 0.2,Perfect Communication,w Timestamp,0.3,0.0,DSA_ASY,0.7,9991,7478.0,1.0,7478.0,7478.0,60.0,21369.0,420.0,420.0,0.0,1.0,1.0
26,Random Uniform 0.2,Perfect Communication,w Timestamp,0.3,0.0,DSA_ASY,0.7,9998,6823.0,1.0,6823.0,6823.0,65.0,21914.0,143.0,143.0,0.0,1.0,1.0
27,Random Uniform 0.2,Perfect Communication,w Timestamp,0.3,0.0,DSA_ASY,0.7,9969,7188.0,1.0,7188.0,7188.0,63.0,22470.0,430.0,430.0,0.0,1.0,1.0
28,Random Uniform 0.2,Perfect Communication,w Timestamp,0.3,0.0,DSA_ASY,0.7,9871,6801.0,1.0,6801.0,6801.0,61.0,20850.0,305.0,305.0,0.0,1.0,1.0
29,Random Uniform 0.2,Perfect Communication,w Timestamp,0.3,0.0,DSA_ASY,0.7,9981,7130.0,1.0,7130.0,7130.0,60.0,21066.0,121.0,121.0,0.0,1.0,1.0
30,Random Uniform 0.2,Perfect Communication,w Timestamp,0.3,0.0,DSA_ASY,0.7,9830,6667.0,1.0,6667.0,6667.0,53.0,17824.0,219.0,219.0,0.0,1.0,1.0
31,Random Uniform 0.2,Perfect Communication,w Timestamp,0.3,0.0,DSA_ASY,0.7,9995,7189.0,1.0,7189.0,7189.0,63.0,22904.0,507.0,507.0,0.0,1.0,1.0
32,Random Uniform 0.2,Perfect Communication,w Timestamp,0.3,0.0,DSA_ASY,0.7,9893,6648.0,1.0,6648.0,6648.0,56.0,18921.0,377.0,377.0,0.0,1.0,1.0
33,Random Uniform 0.2,Perfect Communication,w Timestamp,0.3,0.0,DSA_ASY,0.7,9981,6522.0,1.0,6522.0,6522.0,64.0,21343.0,272.0,272.0,0.0,1.0,1.0
34,Random Uniform 0.2,Perfect Communication,w Timestamp,0.3,0.0,DSA_ASY,0.7,9991,7179.0,1.0,7175.5,7179.0,60.0,20695.0,222.0,222.0,3.5,1.0,1.0
35,Random Uniform 0.2,Perfect Communication,w Timestamp,0.3,0.0,DSA_ASY,0.7,9896,6031.0,1.0,6031.0,6031.0,68.0,20773.0,379.0,379.0,0.0,1.0,1.0
36,Random Uniform 0.2,Perfect Communication,w Timestamp,0.3,0.0,DSA_ASY,0.7,9882,7804.0,1.0,7804.0,7804.0,62.0,23236.0,98.0,98.0,0.0,1.0,1.0
37,Random Uniform 0.2,Perfect Communication,w Timestamp,0.3,0.0,DSA_ASY,0.7,9945,6945.0,1.0,6945.0,6945.0,62.0,21373.0,318.0,318.0,0.0,1.0,1.0
38,Random Uniform 0.2,Perfect Communication,w Timestamp,0.3,0.0,DSA_ASY,0.7,9880,6856.0,1.0,6856.0,6856.0,66.0,22237.0,458.0,458.0,0.0,1.0,1.0
39,Random Uniform 0.2,Perfect Communication,w Timestamp,0.3,0.0,DSA_ASY,0.7,9922,7372.0,1.0,7372.0,7372.0,60.0,21295.0,428.0,428.0,0.0,1.0,1.0
40,Random Uniform 0.2,Perfect Communication,w Timestamp,0.3,0.0,DSA_ASY,0.7,9868,6674.0,1.0,6674.0,6674.0,56.0,18129.0,140.0,140.0,0.0,1.0,1.0
41,Random Uniform 0.2,Perfect Communication,w Timestamp,0.3,0.0,DSA_ASY,0.7,9944,6961.0,1.0,6961.0,6961.0,57.0,19704.0,180.0,180.0,0.0,1.0,1.0
42,Random Uniform 0.2,Perfect Communication,w Timestamp,0.3,0.0,DSA_ASY,0.7,9991,6503.0,1.0,6485.5,6503.0,54.0,17226.0,319.0,319.0,17.5,1.0,1.0
43,Random Uniform 0.2,Perfect Communication,w Timestamp,0.3,0.0,DSA_ASY,0.7,9904,6627.0,1.0,6627.0,6627.0,56.0,17930.0,173.0,173.0,0.0,1.0,1.0
44,Random Uniform 0.2,Perfect Communication,w Timestamp,0.3,0.0,DSA_ASY,0.7,9963,5844.0,1.0,5844.0,5844.0,60.0,18695.0,263.0,263.0,0.0,1.0,1.0
45,Random Uniform 0.2,Perfect Communication,w Timestamp,0.3,0.0,DSA_ASY,0.7,9981,6190.0,1.0,6190.0,6190.0,60.0,19000.0,194.0,194.0,0.0,1.0,1.0
46,Random Uniform 0.2,Perfect Communication,w Timestamp,0.3,0.0,DSA_ASY,0.7,9891,7280.0,1.0,7280.0,7280.0,67.0,22992.0,458.0,458.0,0.0,1.0,1.0
47,Random Uniform 0.2,Perfect Communication,w Timestamp,0.3,0.0,DSA_ASY,0.7,9867,6471.0,1.0,6471.0,6471.0,61.0,19692.0,381.0,381.0,0.0,1.0,1.0
48,Random Uniform 0.2,Perfect Communication,w Timestamp,0.3,0.0,DSA_ASY,0.7,9991,6903.0,1.0,6903.0,6903.0,68.0,23914.0,406.0,406.0,0.0,1.0,1.0
49,Random Uniform 0.2,Perfect Communication,w Timestamp,0.3,0.0,DSA_ASY,0.7,9873,7828.0,1.0,7828.0,7828.0,59.0,22260.0,230.0,230.0,0.0,1.0,1.0
50,Random Uniform 0.2,Perfect Communication,w Timestamp,0.3,0.0,DSA_ASY,0.7,9938,7694.0,1.0,7694.0,7694.0,58.0,21998.0,283.0,283.0,0.0,1.0,1.0
0,Random Uniform 0.2,Perfect Communication,w Timestamp,0.95,0.0,DSA_ASY,0.7,9999,10867.0,1.0,496.0,10602.0,0.0,39.0,781.0,3.0,10371.0,1.0,1.0
1,Random Uniform 0.2,Perfect Communication,w Timestamp,0.95,0.0,DSA_ASY,0.7,9999,11794.0,1.0,621.0,11794.0,1.0,57.0,364.0,0.0,11173.0,1.0,1.0
2,Random Uniform 0.2,Perfect Communication,w Timestamp,0.95,0.0,DSA_ASY,0.7,9999,11275.0,1.0,461.0,11171.0,0.0,39.0,447.0,9.0,10814.0,1.0,1.0
3,Random Uniform 0.2,Perfect Communication,w Timestamp,0.95,0.0,DSA_ASY,0.7,9999,10837.0,1.0,312.5,10793.0,0.0,28.0,544.0,0.0,10524.5,1.0,1.0
4,Random Uniform 0.2,Perfect Communication,w Timestamp,0.95,0.0,DSA_ASY,0.7,9999,9838.0,1.0,315.5,9838.0,0.0,28.0,570.0,0.0,9522.5,1.0,1.0
5,Random Uniform 0.2,Perfect Communication,w Timestamp,0.95,0.0,DSA_ASY,0.7,9999,12182.0,1.0,265.5,12182.0,1.0,35.0,383.0,10.0,11916.5,1.0,1.0
6,Random Uniform 0.2,Perfect Communication,w Timestamp,0.95,0.0,DSA_ASY,0.7,9999,10782.0,1.0,631.5,10782.0,1.0,52.0,278.0,39.0,10150.5,1.0,1.0
7,Random Uniform 0.2,Perfect Communication,w Timestamp,0.95,0.0,DSA_ASY,0.7,9999,10650.0,1.0,387.5,10650.0,0.0,46.0,429.0,12.0,10262.5,1.0,1.0
8,Random Uniform 0.2,Perfect Communication,w Timestamp,0.95,0.0,DSA_ASY,0.7,9999,12960.0,1.0,695.5,12960.0,2.0,54.0,673.0,0.0,12264.5,1.0,1.0
9,Random Uniform 0.2,Perfect Communication,w Timestamp,0.95,0.0,DSA_ASY,0.7,9999,11713.0,1.0,461.5,11664.0,1.0,30.0,432.0,0.0,11251.5,1.0,1.0
10,Random Uniform 0.2,Perfect Communication,w Timestamp,0.95,0.0,DSA_ASY,0.7,9999,10848.0,1.0,702.5,10848.0,0.0,51.0,467.0,0.0,10145.5,1.0,1.0
11,Random Uniform 0.2,Perfect Communication,w Timestamp,0.95,0.0,DSA_ASY,0.7,9999,10773.0,0.0,960.5,10435.0,1.0,67.0,357.0,32.0,9812.5,1.0,1.0
12,Random Uniform 0.2,Perfect Communication,w Timestamp,0.95,0.0,DSA_ASY,0.7,9999,10525.0,1.0,457.5,10348.0,0.0,44.0,562.0,52.0,10067.5,1.0,1.0
13,Random Uniform 0.2,Perfect Communication,w Timestamp,0.95,0.0,DSA_ASY,0.7,9999,11125.0,0.0,476.0,11014.0,3.0,43.0,568.0,12.0,10649.0,1.0,1.0
14,Random Uniform 0.2,Perfect Communication,w Timestamp,0.95,0.0,DSA_ASY,0.7,9999,11349.0,1.0,597.0,11349.0,0.0,44.0,309.0,4.0,10752.0,1.0,1.0
15,Random Uniform 0.2,Perfect Communication,w Timestamp,0.95,0.0,DSA_ASY,0.7,9999,11615.0,1.0,233.5,11465.0,0.0,23.0,405.0,13.0,11381.5,1.0,1.0
16,Random Uniform 0.2,Perfect Communication,w Timestamp,0.95,0.0,DSA_ASY,0.7,9999,10427.0,1.0,679.0,10421.0,1.0,59.0,179.0,48.0,9748.0,1.0,1.0
17,Random Uniform 0.2,Perfect Communication,w Timestamp,0.95,0.0,DSA_ASY,0.7,9999,10355.0,1.0,724.0,10219.0,2.0,52.0,172.0,64.0,9631.0,1.0,1.0
18,Random Uniform 0.2,Perfect Communication,w Timestamp,0.95,0.0,DSA_ASY,0.7,9999,12782.0,1.0,560.5,12702.0,1.0,35.0,672.0,78.0,12221.5,1.0,1.0
19,Random Uniform 0.2,Perfect Communication,w Timestamp,0.95,0.0,DSA_ASY,0.7,9999,11993.0,1.0,621.5,11648.0,1.0,51.0,286.0,0.0,11371.5,1.0,1.0
20,Random Uniform 0.2,Perfect Communication,w Timestamp,0.95,0.0,DSA_ASY,0.7,9999,10816.0,0.0,412.0,10652.0,1.0,33.0,419.0,71.0,10404.0,1.0,1.0
21,Random Uniform 0.2,Perfect Communication,w Timestamp,0.95,0.0,DSA_ASY,0.7,9999,10086.0,1.0,510.5,10086.0,1.0,45.0,334.0,0.0,9575.5,1.0,1.0
22,Random Uniform 0.2,Perfect Communication,w Timestamp,0.95,0.0,DSA_ASY,0.7,9999,12324.0,1.0,277.5,12151.0,1.0,31.0,682.0,84.0,12046.5,1.0,1.0
23,Random Uniform 0.2,Perfect Communication,w Timestamp,0.95,0.0,DSA_ASY,0.7,9999,11629.0,1.0,560.5,11629.0,1.0,49.0,453.0,0.0,11068.5,1.0,1.0
24,Random Uniform 0.2,Perfect Communication,w Timestamp,0.95,0.0,DSA_ASY,0.7,9999,10830.0,1.0,297.0,10830.0,1.0,37.0,456.0,2.0,10533.0,1.0,1.0
25,Random Uniform 0.2,Perfect Communication,w Timestamp,0.95,0.0,DSA_ASY,0.7,9999,12824.0,1.0,411.0,12824.0,1.0,29.0,665.0,0.0,12413.0,1.0,1.0
26,Random Uniform 0.2,Perfect Communication,w Timestamp,0.95,0.0,DSA_ASY,0.7,9999,11369.0,0.0,686.5,11106.0,0.0,64.0,356.0,0.0,10682.5,1.0,1.0
27,Random Uniform 0.2,Perfect Communication,w Timestamp,0.95,0.0,DSA_ASY,0.7,9999,12224.0,1.0,220.0,12224.0,2.0,26.0,682.0,0.0,12004.0,1.0,1.0
28,Random Uniform 0.2,Perfect Communication,w Timestamp,0.95,0.0,DSA_ASY,0.7,9999,10846.0,1.0,784.5,10846.0,1.0,71.0,700.0,0.0,10061.5,1.0,1.0
29,Random Uniform 0.2,Perfect Communication,w Timestamp,0.95,0.0,DSA_ASY,0.7,9999,11432.0,1.0,545.0,11432.0,0.0,50.0,292.0,0.0,10887.0,1.0,1.0
30,Random Uniform 0.2,Perfect Communication,w Timestamp,0.95,0.0,DSA_ASY,0.7,9999,12056.0,1.0,662.0,11800.0,1.0,45.0,531.0,0.0,11394.0,1.0,1.0
31,Random Uniform 0.2,Perfect Communication,w Timestamp,0.95,0.0,DSA_ASY,0.7,9999,11532.0,1.0,848.5,11421.0,2.0,63.0,504.0,0.0,10683.5,1.0,1.0
32,Random Uniform 0.2,Perfect Communication,w Timestamp,0.95,0.0,DSA_ASY,0.7,9999,10403.0,1.0,534.5,10403.0,1.0,55.0,579.0,0.0,9868.5,1.0,1.0
33,Random Uniform 0.2,Perfect Communication,w Timestamp,0.95,0.0,DSA_ASY,0.7,9999,11105.0,1.0,389.0,11029.0,0.0,33.0,596.0,0.0,10716.0,1.0,1.0
34,Random Uniform 0.2,Perfect Communication,w Timestamp,0.95,0.0,DSA_ASY,0.7,9999,11244.0,0.0,667.5,11008.0,0.0,49.0,476.0,37.0,10576.5,1.0,1.0
35,Random Uniform 0.2,Perfect Communication,w Timestamp,0.95,0.0,DSA_ASY,0.7,9999,10047.0,1.0,362.0,10047.0,0.0,38.0,457.0,11.0,9685.0,1.0,1.0
36,Random Uniform 0.2,Perfect Communication,w Timestamp,0.95,0.0,DSA_ASY,0.7,9999,12563.0,0.0,594.0,12505.0,0.0,42.0,320.0,5.0,11969.0,1.0,1.0
37,Random Uniform 0.2,Perfect Communication,w Timestamp,0.95,0.0,DSA_ASY,0.7,9999,11434.0,0.0,477.5,11216.0,1.0,44.0,479.0,2.0,10956.5,1.0,1.0
38,Random Uniform 0.2,Perfect Communication,w Timestamp,0.95,0.0,DSA_ASY,0.7,9999,10944.0,1.0,623.0,10857.0,2.0,59.0,550.0,8.0,10321.0,1.0,1.0
39,Random Uniform 0.2,Perfect Communication,w Timestamp,0.95,0.0,DSA_ASY,0.7,9999,12302.0,1.0,519.5,11814.0,1.0,48.0,458.0,16.0,11782.5,1.0,1.0
40,Random Uniform 0.2,Perfect Communication,w Timestamp,0.95,0.0,DSA_ASY,0.7,9999,11705.0,1.0,173.0,11705.0,0.0,14.0,411.0,0.0,11532.0,1.0,1.0
41,Random Uniform 0.2,Perfect Communication,w Timestamp,0.95,0.0,DSA_ASY,0.7,9999,11386.0,0.0,405.5,11216.0,3.0,43.0,418.0,0.0,10980.5,1.0,1.0
42,Random Uniform 0.2,Perfect Communication,w Timestamp,0.95,0.0,DSA_ASY,0.7,9999,11348.0,0.0,264.5,10907.0,1.0,21.0,601.0,2.0,11083.5,1.0,1.0
43,Random Uniform 0.2,Perfect Communication,w Timestamp,0.95,0.0,DSA_ASY,0.7,9999,10875.0,1.0,282.5,10873.0,1.0,37.0,322.0,0.0,10592.5,1.0,1.0
44,Random Uniform 0.2,Perfect Communication,w Timestamp,0.95,0.0,DSA_ASY,0.7,9999,10756.0,1.0,492.0,10756.0,0.0,39.0,571.0,36.0,10264.0,1.0,1.0
45,Random Uniform 0.2,Perfect Communication,w Timestamp,0.95,0.0,DSA_ASY,0.7,9999,11359.0,0.0,535.5,11122.0,2.0,40.0,401.0,0.0,10823.5,1.0,1.0
46,Random Uniform 0.2,Perfect Communication,w Timestamp,0.95,0.0,DSA_ASY,0.7,9999,11950.0,1.0,801.0,11503.0,1.0,64.0,674.0,53.0,11149.0,1.0,1.0
47,Random Uniform 0.2,Perfect Communication,w Timestamp,0.95,0.0,DSA_ASY,0.7,9999,10883.0,0.0,244.0,10807.0,0.0,32.0,543.0,13.0,10639.0,1.0,1.0
48,Random Uniform 0.2,Perfect Communication,w Timestamp,0.95,0.0,DSA_ASY,0.7,9999,12272.0,0.0,377.5,11796.0,0.0,37.0,487.0,38.0,11894.5,1.0,1.0
49,Random Uniform 0.2,Perfect Communication,w Timestamp,0.95,0.0,DSA_ASY,0.7,9999,12485.0,0.0,582.5,12315.0,0.0,54.0,361.0,0.0,11902.5,1.0,1.0
50,Random Uniform 0.2,Perfect Communication,w Timestamp,0.95,0.0,DSA_ASY,0.7,9999,12873.0,1.0,639.5,12873.0,2.0,51.0,500.0,12.0,12233.5,1.0,1.0
